timestamp, name, utilization.gpu [%], utilization.memory [%], memory.used [MiB], temperature.gpu
2026/04/16 00:22:06.189, Tesla PG503-216, 0 %, 0 %, 5 MiB, 36
2026/04/16 00:22:07.189, Tesla PG503-216, 0 %, 0 %, 5 MiB, 35
2026/04/16 00:22:08.190, Tesla PG503-216, 0 %, 0 %, 5 MiB, 35
2026/04/16 00:22:09.190, Tesla PG503-216, 0 %, 0 %, 5 MiB, 35
2026/04/16 00:22:10.191, Tesla PG503-216, 0 %, 0 %, 5 MiB, 35
2026/04/16 00:22:11.191, Tesla PG503-216, 0 %, 0 %, 5 MiB, 35
2026/04/16 00:22:12.192, Tesla PG503-216, 0 %, 0 %, 5 MiB, 35
2026/04/16 00:22:13.192, Tesla PG503-216, 0 %, 0 %, 5 MiB, 35
2026/04/16 00:22:14.193, Tesla PG503-216, 0 %, 0 %, 5 MiB, 35
2026/04/16 00:22:15.193, Tesla PG503-216, 0 %, 0 %, 5 MiB, 35
2026/04/16 00:22:16.194, Tesla PG503-216, 0 %, 0 %, 5 MiB, 35
2026/04/16 00:22:17.194, Tesla PG503-216, 0 %, 0 %, 5 MiB, 35
2026/04/16 00:22:18.195, Tesla PG503-216, 0 %, 0 %, 5 MiB, 35
2026/04/16 00:22:19.195, Tesla PG503-216, 0 %, 0 %, 5 MiB, 35
2026/04/16 00:22:20.195, Tesla PG503-216, 0 %, 0 %, 5 MiB, 35
2026/04/16 00:22:21.196, Tesla PG503-216, 0 %, 0 %, 5 MiB, 35
2026/04/16 00:22:22.196, Tesla PG503-216, 0 %, 0 %, 5 MiB, 35
2026/04/16 00:22:23.197, Tesla PG503-216, 0 %, 0 %, 5 MiB, 35
2026/04/16 00:22:24.197, Tesla PG503-216, 0 %, 0 %, 5 MiB, 35
2026/04/16 00:22:25.198, Tesla PG503-216, 0 %, 0 %, 5 MiB, 35
2026/04/16 00:22:26.198, Tesla PG503-216, 0 %, 0 %, 8 MiB, 35
2026/04/16 00:22:27.199, Tesla PG503-216, 0 %, 0 %, 8 MiB, 35
2026/04/16 00:22:28.199, Tesla PG503-216, 0 %, 0 %, 8 MiB, 35
2026/04/16 00:22:29.199, Tesla PG503-216, 0 %, 0 %, 8 MiB, 35
2026/04/16 00:22:30.200, Tesla PG503-216, 13 %, 1 %, 416 MiB, 36
2026/04/16 00:22:31.200, Tesla PG503-216, 5 %, 0 %, 662 MiB, 36
2026/04/16 00:22:32.201, Tesla PG503-216, 8 %, 0 %, 880 MiB, 36
2026/04/16 00:22:33.201, Tesla PG503-216, 10 %, 0 %, 1162 MiB, 36
2026/04/16 00:22:34.201, Tesla PG503-216, 41 %, 16 %, 3842 MiB, 38
2026/04/16 00:22:35.202, Tesla PG503-216, 22 %, 8 %, 3842 MiB, 39
2026/04/16 00:22:36.202, Tesla PG503-216, 38 %, 15 %, 3842 MiB, 39
2026/04/16 00:22:37.203, Tesla PG503-216, 38 %, 15 %, 4078 MiB, 38
2026/04/16 00:22:38.203, Tesla PG503-216, 33 %, 13 %, 4078 MiB, 40
2026/04/16 00:22:39.204, Tesla PG503-216, 41 %, 16 %, 4078 MiB, 39
2026/04/16 00:22:40.204, Tesla PG503-216, 18 %, 6 %, 4190 MiB, 39
2026/04/16 00:22:41.204, Tesla PG503-216, 40 %, 15 %, 4190 MiB, 40
2026/04/16 00:22:42.205, Tesla PG503-216, 17 %, 7 %, 4190 MiB, 39
2026/04/16 00:22:43.205, Tesla PG503-216, 41 %, 16 %, 4190 MiB, 41
2026/04/16 00:22:44.206, Tesla PG503-216, 11 %, 2 %, 4190 MiB, 40
2026/04/16 00:22:45.206, Tesla PG503-216, 17 %, 6 %, 4190 MiB, 39
2026/04/16 00:22:46.207, Tesla PG503-216, 39 %, 16 %, 4190 MiB, 39
2026/04/16 00:22:47.207, Tesla PG503-216, 42 %, 16 %, 4190 MiB, 41
2026/04/16 00:22:48.207, Tesla PG503-216, 24 %, 9 %, 4190 MiB, 40
2026/04/16 00:22:49.208, Tesla PG503-216, 35 %, 15 %, 4190 MiB, 41
2026/04/16 00:22:50.208, Tesla PG503-216, 42 %, 16 %, 4190 MiB, 41
2026/04/16 00:22:51.209, Tesla PG503-216, 27 %, 11 %, 4190 MiB, 42
2026/04/16 00:22:52.209, Tesla PG503-216, 4 %, 0 %, 4190 MiB, 41
2026/04/16 00:22:53.210, Tesla PG503-216, 40 %, 16 %, 4190 MiB, 40
2026/04/16 00:22:54.210, Tesla PG503-216, 38 %, 16 %, 4190 MiB, 40
2026/04/16 00:22:55.211, Tesla PG503-216, 41 %, 16 %, 4190 MiB, 40
2026/04/16 00:22:56.211, Tesla PG503-216, 40 %, 15 %, 4190 MiB, 41
2026/04/16 00:22:57.212, Tesla PG503-216, 9 %, 2 %, 4190 MiB, 41
2026/04/16 00:22:58.212, Tesla PG503-216, 41 %, 16 %, 4190 MiB, 40
2026/04/16 00:22:59.213, Tesla PG503-216, 27 %, 11 %, 4190 MiB, 42
2026/04/16 00:23:00.213, Tesla PG503-216, 39 %, 16 %, 4190 MiB, 41
2026/04/16 00:23:01.214, Tesla PG503-216, 41 %, 16 %, 4190 MiB, 42
2026/04/16 00:23:02.214, Tesla PG503-216, 38 %, 15 %, 4190 MiB, 41
2026/04/16 00:23:03.214, Tesla PG503-216, 35 %, 15 %, 4190 MiB, 42
2026/04/16 00:23:04.215, Tesla PG503-216, 40 %, 15 %, 4190 MiB, 41
2026/04/16 00:23:05.215, Tesla PG503-216, 41 %, 16 %, 4190 MiB, 41
2026/04/16 00:23:06.216, Tesla PG503-216, 41 %, 16 %, 4190 MiB, 41
2026/04/16 00:23:07.216, Tesla PG503-216, 12 %, 4 %, 4190 MiB, 41
2026/04/16 00:23:08.217, Tesla PG503-216, 42 %, 16 %, 4210 MiB, 41
2026/04/16 00:23:09.217, Tesla PG503-216, 41 %, 16 %, 4328 MiB, 41
2026/04/16 00:23:10.218, Tesla PG503-216, 40 %, 15 %, 4328 MiB, 41
2026/04/16 00:23:11.218, Tesla PG503-216, 6 %, 1 %, 4328 MiB, 43
2026/04/16 00:23:12.219, Tesla PG503-216, 25 %, 9 %, 4328 MiB, 42
2026/04/16 00:23:13.219, Tesla PG503-216, 41 %, 16 %, 4328 MiB, 41
2026/04/16 00:23:14.220, Tesla PG503-216, 18 %, 7 %, 4328 MiB, 42
2026/04/16 00:23:15.220, Tesla PG503-216, 26 %, 10 %, 4328 MiB, 42
2026/04/16 00:23:16.221, Tesla PG503-216, 37 %, 14 %, 4328 MiB, 42
2026/04/16 00:23:17.221, Tesla PG503-216, 31 %, 13 %, 4328 MiB, 43
2026/04/16 00:23:18.222, Tesla PG503-216, 33 %, 13 %, 4328 MiB, 42
2026/04/16 00:23:19.222, Tesla PG503-216, 16 %, 5 %, 4328 MiB, 41
2026/04/16 00:23:20.222, Tesla PG503-216, 16 %, 6 %, 4328 MiB, 41
2026/04/16 00:23:21.223, Tesla PG503-216, 2 %, 0 %, 4328 MiB, 41
2026/04/16 00:23:22.223, Tesla PG503-216, 37 %, 14 %, 4328 MiB, 41
2026/04/16 00:23:23.224, Tesla PG503-216, 32 %, 13 %, 4328 MiB, 41
2026/04/16 00:23:24.224, Tesla PG503-216, 5 %, 0 %, 4328 MiB, 43
2026/04/16 00:23:25.225, Tesla PG503-216, 3 %, 0 %, 4328 MiB, 41
2026/04/16 00:23:26.225, Tesla PG503-216, 10 %, 2 %, 4328 MiB, 43
2026/04/16 00:23:27.226, Tesla PG503-216, 39 %, 16 %, 4328 MiB, 42
2026/04/16 00:23:28.226, Tesla PG503-216, 35 %, 14 %, 4328 MiB, 42
2026/04/16 00:23:29.227, Tesla PG503-216, 15 %, 5 %, 4328 MiB, 43
2026/04/16 00:23:30.227, Tesla PG503-216, 40 %, 16 %, 4328 MiB, 42
2026/04/16 00:23:31.228, Tesla PG503-216, 31 %, 12 %, 4328 MiB, 44
2026/04/16 00:23:32.228, Tesla PG503-216, 35 %, 14 %, 4328 MiB, 42
2026/04/16 00:23:33.228, Tesla PG503-216, 37 %, 15 %, 4328 MiB, 42
2026/04/16 00:23:34.229, Tesla PG503-216, 9 %, 2 %, 4328 MiB, 42
2026/04/16 00:23:35.229, Tesla PG503-216, 7 %, 1 %, 4328 MiB, 42
2026/04/16 00:23:36.230, Tesla PG503-216, 11 %, 4 %, 4328 MiB, 42
2026/04/16 00:23:37.231, Tesla PG503-216, 30 %, 12 %, 4328 MiB, 44
2026/04/16 00:23:38.231, Tesla PG503-216, 38 %, 15 %, 4328 MiB, 44
2026/04/16 00:23:39.231, Tesla PG503-216, 26 %, 10 %, 4328 MiB, 42
2026/04/16 00:23:40.232, Tesla PG503-216, 37 %, 14 %, 4328 MiB, 44
2026/04/16 00:23:41.232, Tesla PG503-216, 32 %, 13 %, 4328 MiB, 43
2026/04/16 00:23:42.233, Tesla PG503-216, 6 %, 0 %, 4328 MiB, 43
2026/04/16 00:23:43.233, Tesla PG503-216, 41 %, 16 %, 4328 MiB, 44
2026/04/16 00:23:44.234, Tesla PG503-216, 17 %, 7 %, 4328 MiB, 43
2026/04/16 00:23:45.234, Tesla PG503-216, 6 %, 0 %, 4328 MiB, 43
2026/04/16 00:23:46.235, Tesla PG503-216, 38 %, 15 %, 4328 MiB, 43
2026/04/16 00:23:47.235, Tesla PG503-216, 36 %, 15 %, 4328 MiB, 44
2026/04/16 00:23:48.236, Tesla PG503-216, 28 %, 11 %, 4328 MiB, 43
2026/04/16 00:23:49.236, Tesla PG503-216, 40 %, 16 %, 4328 MiB, 43
2026/04/16 00:23:50.236, Tesla PG503-216, 9 %, 3 %, 4328 MiB, 45
2026/04/16 00:23:51.237, Tesla PG503-216, 41 %, 16 %, 4328 MiB, 43
2026/04/16 00:23:52.237, Tesla PG503-216, 16 %, 6 %, 4328 MiB, 44
2026/04/16 00:23:53.238, Tesla PG503-216, 31 %, 12 %, 4328 MiB, 43
2026/04/16 00:23:54.239, Tesla PG503-216, 40 %, 16 %, 4328 MiB, 43
2026/04/16 00:23:55.239, Tesla PG503-216, 9 %, 3 %, 4328 MiB, 45
2026/04/16 00:23:56.239, Tesla PG503-216, 35 %, 14 %, 4328 MiB, 43
2026/04/16 00:23:57.240, Tesla PG503-216, 29 %, 11 %, 4328 MiB, 44
2026/04/16 00:23:58.240, Tesla PG503-216, 18 %, 7 %, 4328 MiB, 44
2026/04/16 00:23:59.241, Tesla PG503-216, 38 %, 15 %, 4328 MiB, 44
2026/04/16 00:24:00.241, Tesla PG503-216, 38 %, 15 %, 4328 MiB, 43
2026/04/16 00:24:01.242, Tesla PG503-216, 8 %, 1 %, 4328 MiB, 45
2026/04/16 00:24:02.242, Tesla PG503-216, 43 %, 17 %, 4328 MiB, 43
2026/04/16 00:24:03.243, Tesla PG503-216, 38 %, 15 %, 4328 MiB, 43
2026/04/16 00:24:04.243, Tesla PG503-216, 11 %, 3 %, 4332 MiB, 43
2026/04/16 00:24:05.244, Tesla PG503-216, 19 %, 7 %, 4332 MiB, 45
2026/04/16 00:24:06.244, Tesla PG503-216, 14 %, 6 %, 4332 MiB, 43
2026/04/16 00:24:07.245, Tesla PG503-216, 6 %, 0 %, 4332 MiB, 45
2026/04/16 00:24:08.245, Tesla PG503-216, 16 %, 5 %, 4332 MiB, 43
2026/04/16 00:24:09.246, Tesla PG503-216, 17 %, 6 %, 4332 MiB, 43
2026/04/16 00:24:10.246, Tesla PG503-216, 20 %, 8 %, 4332 MiB, 43
2026/04/16 00:24:11.247, Tesla PG503-216, 40 %, 15 %, 4332 MiB, 44
2026/04/16 00:24:12.247, Tesla PG503-216, 27 %, 11 %, 4332 MiB, 43
2026/04/16 00:24:13.248, Tesla PG503-216, 40 %, 15 %, 4332 MiB, 44
2026/04/16 00:24:14.248, Tesla PG503-216, 37 %, 16 %, 4332 MiB, 44
2026/04/16 00:24:15.249, Tesla PG503-216, 27 %, 10 %, 4332 MiB, 45
2026/04/16 00:24:16.249, Tesla PG503-216, 38 %, 15 %, 4332 MiB, 45
2026/04/16 00:24:17.249, Tesla PG503-216, 33 %, 14 %, 4332 MiB, 44
2026/04/16 00:24:18.250, Tesla PG503-216, 15 %, 6 %, 4332 MiB, 44
2026/04/16 00:24:19.250, Tesla PG503-216, 40 %, 15 %, 4332 MiB, 44
2026/04/16 00:24:20.251, Tesla PG503-216, 16 %, 5 %, 4332 MiB, 44
2026/04/16 00:24:21.251, Tesla PG503-216, 41 %, 16 %, 4332 MiB, 45
2026/04/16 00:24:22.252, Tesla PG503-216, 14 %, 5 %, 4332 MiB, 44
2026/04/16 00:24:23.252, Tesla PG503-216, 27 %, 10 %, 4332 MiB, 44
2026/04/16 00:24:24.252, Tesla PG503-216, 40 %, 15 %, 4332 MiB, 45
2026/04/16 00:24:25.253, Tesla PG503-216, 24 %, 9 %, 4332 MiB, 44
2026/04/16 00:24:26.253, Tesla PG503-216, 3 %, 0 %, 4332 MiB, 44
2026/04/16 00:24:27.254, Tesla PG503-216, 39 %, 15 %, 4332 MiB, 44
2026/04/16 00:24:28.254, Tesla PG503-216, 36 %, 14 %, 4332 MiB, 46
2026/04/16 00:24:29.255, Tesla PG503-216, 11 %, 3 %, 4332 MiB, 44
2026/04/16 00:24:30.255, Tesla PG503-216, 41 %, 16 %, 4332 MiB, 44
2026/04/16 00:24:31.255, Tesla PG503-216, 15 %, 6 %, 4332 MiB, 45
2026/04/16 00:24:32.256, Tesla PG503-216, 6 %, 1 %, 4332 MiB, 44
2026/04/16 00:24:33.256, Tesla PG503-216, 41 %, 16 %, 4332 MiB, 44
2026/04/16 00:24:34.257, Tesla PG503-216, 34 %, 14 %, 4332 MiB, 44
2026/04/16 00:24:35.257, Tesla PG503-216, 36 %, 14 %, 4332 MiB, 44
2026/04/16 00:24:36.258, Tesla PG503-216, 23 %, 9 %, 4332 MiB, 46
2026/04/16 00:24:37.258, Tesla PG503-216, 11 %, 3 %, 4332 MiB, 44
2026/04/16 00:24:38.259, Tesla PG503-216, 33 %, 13 %, 4332 MiB, 44
2026/04/16 00:24:39.259, Tesla PG503-216, 41 %, 16 %, 4332 MiB, 44
2026/04/16 00:24:40.259, Tesla PG503-216, 24 %, 9 %, 4332 MiB, 46
2026/04/16 00:24:41.260, Tesla PG503-216, 25 %, 9 %, 4332 MiB, 44
2026/04/16 00:24:42.260, Tesla PG503-216, 41 %, 16 %, 4332 MiB, 44
2026/04/16 00:24:43.261, Tesla PG503-216, 25 %, 9 %, 4332 MiB, 44
2026/04/16 00:24:44.261, Tesla PG503-216, 24 %, 9 %, 4332 MiB, 44
2026/04/16 00:24:45.262, Tesla PG503-216, 41 %, 16 %, 4332 MiB, 44
2026/04/16 00:24:46.262, Tesla PG503-216, 19 %, 7 %, 4332 MiB, 46
2026/04/16 00:24:47.263, Tesla PG503-216, 41 %, 16 %, 4332 MiB, 44
2026/04/16 00:24:48.263, Tesla PG503-216, 12 %, 3 %, 4332 MiB, 45
2026/04/16 00:24:49.263, Tesla PG503-216, 42 %, 16 %, 4332 MiB, 44
2026/04/16 00:24:50.264, Tesla PG503-216, 31 %, 13 %, 4332 MiB, 44
2026/04/16 00:24:51.264, Tesla PG503-216, 17 %, 7 %, 4332 MiB, 45
2026/04/16 00:24:52.265, Tesla PG503-216, 40 %, 15 %, 4332 MiB, 44
2026/04/16 00:24:53.265, Tesla PG503-216, 9 %, 1 %, 4332 MiB, 46
2026/04/16 00:24:54.266, Tesla PG503-216, 0 %, 0 %, 4332 MiB, 44
2026/04/16 00:24:55.266, Tesla PG503-216, 25 %, 10 %, 4344 MiB, 44
2026/04/16 00:24:56.267, Tesla PG503-216, 10 %, 3 %, 4344 MiB, 44
2026/04/16 00:24:57.267, Tesla PG503-216, 17 %, 6 %, 4344 MiB, 44
2026/04/16 00:24:58.267, Tesla PG503-216, 37 %, 16 %, 4344 MiB, 44
2026/04/16 00:24:59.268, Tesla PG503-216, 7 %, 1 %, 4344 MiB, 45
2026/04/16 00:25:00.268, Tesla PG503-216, 38 %, 15 %, 4344 MiB, 46
2026/04/16 00:25:01.269, Tesla PG503-216, 35 %, 15 %, 4344 MiB, 44
2026/04/16 00:25:02.270, Tesla PG503-216, 28 %, 11 %, 4344 MiB, 44
2026/04/16 00:25:03.270, Tesla PG503-216, 42 %, 16 %, 4344 MiB, 45
2026/04/16 00:25:04.271, Tesla PG503-216, 1 %, 0 %, 4344 MiB, 45
2026/04/16 00:25:05.271, Tesla PG503-216, 30 %, 11 %, 4344 MiB, 44
2026/04/16 00:25:06.272, Tesla PG503-216, 41 %, 16 %, 4344 MiB, 46
2026/04/16 00:25:07.272, Tesla PG503-216, 7 %, 1 %, 4344 MiB, 45
2026/04/16 00:25:08.273, Tesla PG503-216, 39 %, 15 %, 4344 MiB, 45
2026/04/16 00:25:09.273, Tesla PG503-216, 10 %, 3 %, 4344 MiB, 45
2026/04/16 00:25:10.274, Tesla PG503-216, 7 %, 1 %, 4344 MiB, 45
2026/04/16 00:25:11.274, Tesla PG503-216, 41 %, 16 %, 4344 MiB, 44
2026/04/16 00:25:12.275, Tesla PG503-216, 27 %, 10 %, 4344 MiB, 45
2026/04/16 00:25:13.275, Tesla PG503-216, 24 %, 9 %, 4344 MiB, 45
2026/04/16 00:25:14.275, Tesla PG503-216, 40 %, 16 %, 4344 MiB, 44
2026/04/16 00:25:15.276, Tesla PG503-216, 42 %, 16 %, 4344 MiB, 44
2026/04/16 00:25:16.276, Tesla PG503-216, 13 %, 3 %, 4344 MiB, 45
2026/04/16 00:25:17.277, Tesla PG503-216, 39 %, 15 %, 4344 MiB, 44
2026/04/16 00:25:18.277, Tesla PG503-216, 14 %, 4 %, 4344 MiB, 45
2026/04/16 00:25:19.278, Tesla PG503-216, 34 %, 13 %, 4344 MiB, 45
2026/04/16 00:25:20.278, Tesla PG503-216, 9 %, 2 %, 4344 MiB, 46
2026/04/16 00:25:21.279, Tesla PG503-216, 26 %, 10 %, 4344 MiB, 45
2026/04/16 00:25:22.279, Tesla PG503-216, 42 %, 16 %, 4344 MiB, 45
2026/04/16 00:25:23.280, Tesla PG503-216, 27 %, 11 %, 4344 MiB, 46
2026/04/16 00:25:24.280, Tesla PG503-216, 37 %, 16 %, 4344 MiB, 46
2026/04/16 00:25:25.281, Tesla PG503-216, 12 %, 3 %, 4344 MiB, 46
2026/04/16 00:25:26.281, Tesla PG503-216, 40 %, 15 %, 4344 MiB, 45
2026/04/16 00:25:27.282, Tesla PG503-216, 13 %, 4 %, 4344 MiB, 46
2026/04/16 00:25:28.282, Tesla PG503-216, 41 %, 16 %, 4344 MiB, 45
2026/04/16 00:25:29.282, Tesla PG503-216, 14 %, 4 %, 4344 MiB, 45
2026/04/16 00:25:30.283, Tesla PG503-216, 24 %, 9 %, 4344 MiB, 45
2026/04/16 00:25:31.283, Tesla PG503-216, 35 %, 14 %, 4344 MiB, 45
2026/04/16 00:25:32.284, Tesla PG503-216, 25 %, 10 %, 4344 MiB, 45
2026/04/16 00:25:33.284, Tesla PG503-216, 3 %, 0 %, 4344 MiB, 46
2026/04/16 00:25:34.285, Tesla PG503-216, 41 %, 16 %, 4344 MiB, 45
2026/04/16 00:25:35.285, Tesla PG503-216, 52 %, 18 %, 4344 MiB, 45
2026/04/16 00:25:36.285, Tesla PG503-216, 9 %, 1 %, 4344 MiB, 46
2026/04/16 00:25:37.286, Tesla PG503-216, 34 %, 13 %, 4344 MiB, 45
2026/04/16 00:25:38.286, Tesla PG503-216, 20 %, 7 %, 4344 MiB, 46
2026/04/16 00:25:39.287, Tesla PG503-216, 29 %, 11 %, 4344 MiB, 45
2026/04/16 00:25:40.287, Tesla PG503-216, 42 %, 16 %, 4344 MiB, 45
2026/04/16 00:25:41.288, Tesla PG503-216, 11 %, 2 %, 4344 MiB, 46
2026/04/16 00:25:42.288, Tesla PG503-216, 43 %, 17 %, 4344 MiB, 45
2026/04/16 00:25:43.289, Tesla PG503-216, 16 %, 5 %, 4344 MiB, 45
2026/04/16 00:25:44.289, Tesla PG503-216, 17 %, 6 %, 4344 MiB, 44
2026/04/16 00:25:45.290, Tesla PG503-216, 21 %, 6 %, 4344 MiB, 44
2026/04/16 00:25:46.290, Tesla PG503-216, 40 %, 15 %, 4344 MiB, 45
2026/04/16 00:25:47.291, Tesla PG503-216, 36 %, 16 %, 4344 MiB, 45
2026/04/16 00:25:48.291, Tesla PG503-216, 23 %, 9 %, 4344 MiB, 45
2026/04/16 00:25:49.292, Tesla PG503-216, 28 %, 11 %, 4344 MiB, 46
2026/04/16 00:25:50.292, Tesla PG503-216, 37 %, 14 %, 4344 MiB, 46
2026/04/16 00:25:51.293, Tesla PG503-216, 35 %, 14 %, 4344 MiB, 47
2026/04/16 00:25:52.293, Tesla PG503-216, 40 %, 15 %, 4344 MiB, 45
2026/04/16 00:25:53.294, Tesla PG503-216, 23 %, 9 %, 4344 MiB, 45
2026/04/16 00:25:54.294, Tesla PG503-216, 16 %, 6 %, 4344 MiB, 45
2026/04/16 00:25:55.295, Tesla PG503-216, 21 %, 8 %, 4344 MiB, 46
2026/04/16 00:25:56.295, Tesla PG503-216, 40 %, 16 %, 4344 MiB, 45
2026/04/16 00:25:57.295, Tesla PG503-216, 23 %, 9 %, 4344 MiB, 45
2026/04/16 00:25:58.296, Tesla PG503-216, 29 %, 11 %, 4344 MiB, 45
2026/04/16 00:25:59.296, Tesla PG503-216, 34 %, 15 %, 4344 MiB, 46
2026/04/16 00:26:00.297, Tesla PG503-216, 8 %, 1 %, 4344 MiB, 45
2026/04/16 00:26:01.297, Tesla PG503-216, 36 %, 14 %, 4344 MiB, 45
2026/04/16 00:26:02.298, Tesla PG503-216, 28 %, 11 %, 4344 MiB, 47
2026/04/16 00:26:03.298, Tesla PG503-216, 11 %, 4 %, 4344 MiB, 46
2026/04/16 00:26:04.299, Tesla PG503-216, 41 %, 16 %, 4344 MiB, 45
2026/04/16 00:26:05.299, Tesla PG503-216, 13 %, 4 %, 4344 MiB, 46
2026/04/16 00:26:06.300, Tesla PG503-216, 36 %, 15 %, 4344 MiB, 47
2026/04/16 00:26:07.300, Tesla PG503-216, 42 %, 16 %, 4344 MiB, 45
2026/04/16 00:26:08.301, Tesla PG503-216, 14 %, 4 %, 4344 MiB, 47
2026/04/16 00:26:09.301, Tesla PG503-216, 40 %, 15 %, 4344 MiB, 45
2026/04/16 00:26:10.302, Tesla PG503-216, 19 %, 7 %, 4344 MiB, 45
2026/04/16 00:26:11.302, Tesla PG503-216, 7 %, 1 %, 4344 MiB, 46
2026/04/16 00:26:12.303, Tesla PG503-216, 38 %, 15 %, 4344 MiB, 45
2026/04/16 00:26:13.303, Tesla PG503-216, 42 %, 16 %, 4344 MiB, 45
2026/04/16 00:26:14.304, Tesla PG503-216, 41 %, 16 %, 4344 MiB, 45
2026/04/16 00:26:15.304, Tesla PG503-216, 14 %, 3 %, 4344 MiB, 47
2026/04/16 00:26:16.305, Tesla PG503-216, 40 %, 15 %, 4344 MiB, 45
2026/04/16 00:26:17.305, Tesla PG503-216, 43 %, 17 %, 4344 MiB, 45
2026/04/16 00:26:18.306, Tesla PG503-216, 36 %, 16 %, 4344 MiB, 45
2026/04/16 00:26:19.306, Tesla PG503-216, 26 %, 10 %, 4344 MiB, 46
2026/04/16 00:26:20.307, Tesla PG503-216, 41 %, 16 %, 4344 MiB, 45
2026/04/16 00:26:21.307, Tesla PG503-216, 41 %, 16 %, 4344 MiB, 45
2026/04/16 00:26:22.308, Tesla PG503-216, 9 %, 2 %, 4344 MiB, 47
2026/04/16 00:26:23.308, Tesla PG503-216, 23 %, 9 %, 4344 MiB, 47
2026/04/16 00:26:24.308, Tesla PG503-216, 40 %, 15 %, 4344 MiB, 45
2026/04/16 00:26:25.309, Tesla PG503-216, 7 %, 2 %, 4344 MiB, 45
2026/04/16 00:26:26.310, Tesla PG503-216, 4 %, 1 %, 4344 MiB, 46
2026/04/16 00:26:27.311, Tesla PG503-216, 38 %, 15 %, 4344 MiB, 46
2026/04/16 00:26:28.312, Tesla PG503-216, 42 %, 16 %, 4344 MiB, 46
2026/04/16 00:26:29.312, Tesla PG503-216, 41 %, 16 %, 4344 MiB, 45
2026/04/16 00:26:30.313, Tesla PG503-216, 40 %, 15 %, 4344 MiB, 45
2026/04/16 00:26:31.313, Tesla PG503-216, 5 %, 1 %, 4344 MiB, 46
2026/04/16 00:26:32.313, Tesla PG503-216, 9 %, 4 %, 4344 MiB, 45
2026/04/16 00:26:33.314, Tesla PG503-216, 12 %, 4 %, 4344 MiB, 45
2026/04/16 00:26:34.314, Tesla PG503-216, 40 %, 15 %, 4344 MiB, 45
2026/04/16 00:26:35.315, Tesla PG503-216, 38 %, 16 %, 4344 MiB, 45
2026/04/16 00:26:36.315, Tesla PG503-216, 25 %, 10 %, 4344 MiB, 47
2026/04/16 00:26:37.316, Tesla PG503-216, 36 %, 14 %, 4344 MiB, 45
2026/04/16 00:26:38.316, Tesla PG503-216, 40 %, 15 %, 4344 MiB, 45
2026/04/16 00:26:39.317, Tesla PG503-216, 7 %, 1 %, 4344 MiB, 45
2026/04/16 00:26:40.317, Tesla PG503-216, 6 %, 0 %, 4344 MiB, 45
2026/04/16 00:26:41.318, Tesla PG503-216, 38 %, 15 %, 4344 MiB, 47
2026/04/16 00:26:42.318, Tesla PG503-216, 35 %, 15 %, 4344 MiB, 46
2026/04/16 00:26:43.319, Tesla PG503-216, 6 %, 2 %, 4344 MiB, 46
2026/04/16 00:26:44.319, Tesla PG503-216, 21 %, 8 %, 4344 MiB, 45
2026/04/16 00:26:45.319, Tesla PG503-216, 39 %, 15 %, 4344 MiB, 45
2026/04/16 00:26:46.320, Tesla PG503-216, 36 %, 15 %, 4344 MiB, 46
2026/04/16 00:26:47.320, Tesla PG503-216, 40 %, 15 %, 4344 MiB, 45
2026/04/16 00:26:48.321, Tesla PG503-216, 41 %, 16 %, 4344 MiB, 46
2026/04/16 00:26:49.321, Tesla PG503-216, 7 %, 0 %, 4344 MiB, 46
2026/04/16 00:26:50.322, Tesla PG503-216, 38 %, 15 %, 4344 MiB, 45
2026/04/16 00:26:51.322, Tesla PG503-216, 32 %, 12 %, 4344 MiB, 45
2026/04/16 00:26:52.323, Tesla PG503-216, 41 %, 16 %, 4344 MiB, 45
2026/04/16 00:26:53.323, Tesla PG503-216, 28 %, 11 %, 4344 MiB, 46
2026/04/16 00:26:54.324, Tesla PG503-216, 16 %, 6 %, 4344 MiB, 45
2026/04/16 00:26:55.324, Tesla PG503-216, 19 %, 7 %, 4344 MiB, 45
2026/04/16 00:26:56.325, Tesla PG503-216, 41 %, 16 %, 4344 MiB, 47
2026/04/16 00:26:57.325, Tesla PG503-216, 2 %, 0 %, 4344 MiB, 46
2026/04/16 00:26:58.325, Tesla PG503-216, 29 %, 11 %, 4344 MiB, 45
2026/04/16 00:26:59.326, Tesla PG503-216, 40 %, 15 %, 4344 MiB, 45
2026/04/16 00:27:00.326, Tesla PG503-216, 28 %, 11 %, 4344 MiB, 47
2026/04/16 00:27:01.327, Tesla PG503-216, 13 %, 5 %, 4344 MiB, 46
2026/04/16 00:27:02.327, Tesla PG503-216, 40 %, 15 %, 4344 MiB, 45
2026/04/16 00:27:03.328, Tesla PG503-216, 21 %, 8 %, 4344 MiB, 46
2026/04/16 00:27:04.328, Tesla PG503-216, 37 %, 14 %, 4344 MiB, 45
2026/04/16 00:27:05.329, Tesla PG503-216, 39 %, 16 %, 4344 MiB, 45
2026/04/16 00:27:06.329, Tesla PG503-216, 34 %, 13 %, 4344 MiB, 46
2026/04/16 00:27:07.330, Tesla PG503-216, 41 %, 16 %, 4344 MiB, 45
2026/04/16 00:27:08.330, Tesla PG503-216, 7 %, 0 %, 4344 MiB, 47
2026/04/16 00:27:09.331, Tesla PG503-216, 36 %, 13 %, 4344 MiB, 46
2026/04/16 00:27:10.331, Tesla PG503-216, 42 %, 16 %, 4344 MiB, 46
2026/04/16 00:27:11.332, Tesla PG503-216, 40 %, 15 %, 4344 MiB, 46
2026/04/16 00:27:12.332, Tesla PG503-216, 38 %, 15 %, 4344 MiB, 45
2026/04/16 00:27:13.333, Tesla PG503-216, 22 %, 8 %, 4344 MiB, 46
2026/04/16 00:27:14.333, Tesla PG503-216, 40 %, 16 %, 4344 MiB, 46
2026/04/16 00:27:15.334, Tesla PG503-216, 42 %, 16 %, 4344 MiB, 46
2026/04/16 00:27:16.334, Tesla PG503-216, 16 %, 6 %, 4344 MiB, 47
2026/04/16 00:27:17.335, Tesla PG503-216, 3 %, 0 %, 4344 MiB, 45
2026/04/16 00:27:18.335, Tesla PG503-216, 30 %, 12 %, 4346 MiB, 45
2026/04/16 00:27:19.336, Tesla PG503-216, 11 %, 4 %, 4346 MiB, 45
2026/04/16 00:27:20.336, Tesla PG503-216, 16 %, 6 %, 4346 MiB, 46
2026/04/16 00:27:21.337, Tesla PG503-216, 16 %, 6 %, 4346 MiB, 45
2026/04/16 00:27:22.337, Tesla PG503-216, 27 %, 10 %, 4346 MiB, 46
2026/04/16 00:27:23.338, Tesla PG503-216, 37 %, 16 %, 4346 MiB, 45
2026/04/16 00:27:24.338, Tesla PG503-216, 21 %, 8 %, 4346 MiB, 46
2026/04/16 00:27:25.338, Tesla PG503-216, 29 %, 12 %, 4346 MiB, 46
2026/04/16 00:27:26.339, Tesla PG503-216, 40 %, 15 %, 4346 MiB, 47
2026/04/16 00:27:27.339, Tesla PG503-216, 10 %, 4 %, 4346 MiB, 46
2026/04/16 00:27:28.340, Tesla PG503-216, 25 %, 9 %, 4346 MiB, 45
2026/04/16 00:27:29.340, Tesla PG503-216, 35 %, 15 %, 4346 MiB, 46
2026/04/16 00:27:30.341, Tesla PG503-216, 10 %, 2 %, 4346 MiB, 46
2026/04/16 00:27:31.341, Tesla PG503-216, 41 %, 16 %, 4346 MiB, 46
2026/04/16 00:27:32.342, Tesla PG503-216, 9 %, 2 %, 4346 MiB, 46
2026/04/16 00:27:33.342, Tesla PG503-216, 38 %, 15 %, 4346 MiB, 45
2026/04/16 00:27:34.343, Tesla PG503-216, 41 %, 16 %, 4346 MiB, 47
2026/04/16 00:27:35.343, Tesla PG503-216, 8 %, 1 %, 4346 MiB, 46
2026/04/16 00:27:36.344, Tesla PG503-216, 41 %, 16 %, 4346 MiB, 46
2026/04/16 00:27:37.344, Tesla PG503-216, 28 %, 11 %, 4346 MiB, 47
2026/04/16 00:27:38.345, Tesla PG503-216, 13 %, 5 %, 4346 MiB, 46
2026/04/16 00:27:39.345, Tesla PG503-216, 13 %, 5 %, 4346 MiB, 46
2026/04/16 00:27:40.346, Tesla PG503-216, 19 %, 7 %, 4346 MiB, 47
2026/04/16 00:27:41.346, Tesla PG503-216, 19 %, 7 %, 4346 MiB, 46
2026/04/16 00:27:42.347, Tesla PG503-216, 24 %, 9 %, 4346 MiB, 45
2026/04/16 00:27:43.347, Tesla PG503-216, 20 %, 8 %, 4346 MiB, 46
2026/04/16 00:27:44.348, Tesla PG503-216, 36 %, 14 %, 4346 MiB, 45
2026/04/16 00:27:45.348, Tesla PG503-216, 41 %, 16 %, 4346 MiB, 45
2026/04/16 00:27:46.348, Tesla PG503-216, 35 %, 13 %, 4346 MiB, 45
2026/04/16 00:27:47.349, Tesla PG503-216, 25 %, 10 %, 4346 MiB, 45
2026/04/16 00:27:48.349, Tesla PG503-216, 40 %, 15 %, 4346 MiB, 45
2026/04/16 00:27:49.350, Tesla PG503-216, 36 %, 15 %, 4346 MiB, 45
2026/04/16 00:27:50.351, Tesla PG503-216, 41 %, 16 %, 4346 MiB, 45
2026/04/16 00:27:51.351, Tesla PG503-216, 35 %, 15 %, 4346 MiB, 47
2026/04/16 00:27:52.352, Tesla PG503-216, 6 %, 0 %, 4346 MiB, 47
2026/04/16 00:27:53.352, Tesla PG503-216, 40 %, 16 %, 4346 MiB, 45
2026/04/16 00:27:54.353, Tesla PG503-216, 41 %, 16 %, 4346 MiB, 45
2026/04/16 00:27:55.353, Tesla PG503-216, 19 %, 8 %, 4346 MiB, 46
2026/04/16 00:27:56.354, Tesla PG503-216, 40 %, 15 %, 4346 MiB, 45
2026/04/16 00:27:57.354, Tesla PG503-216, 37 %, 15 %, 4346 MiB, 45
2026/04/16 00:27:58.354, Tesla PG503-216, 7 %, 1 %, 4346 MiB, 46
2026/04/16 00:27:59.355, Tesla PG503-216, 40 %, 16 %, 4346 MiB, 46
2026/04/16 00:28:00.355, Tesla PG503-216, 42 %, 16 %, 4346 MiB, 45
2026/04/16 00:28:01.356, Tesla PG503-216, 13 %, 5 %, 4346 MiB, 47
2026/04/16 00:28:02.356, Tesla PG503-216, 42 %, 16 %, 4346 MiB, 46
2026/04/16 00:28:03.357, Tesla PG503-216, 28 %, 11 %, 4346 MiB, 47
2026/04/16 00:28:04.357, Tesla PG503-216, 41 %, 16 %, 4346 MiB, 46
2026/04/16 00:28:05.358, Tesla PG503-216, 37 %, 16 %, 4346 MiB, 45
2026/04/16 00:28:06.358, Tesla PG503-216, 6 %, 0 %, 4346 MiB, 47
2026/04/16 00:28:07.359, Tesla PG503-216, 41 %, 16 %, 4346 MiB, 46
2026/04/16 00:28:08.359, Tesla PG503-216, 31 %, 13 %, 4346 MiB, 45
2026/04/16 00:28:09.359, Tesla PG503-216, 17 %, 6 %, 4346 MiB, 45
2026/04/16 00:28:10.360, Tesla PG503-216, 15 %, 5 %, 4346 MiB, 45
2026/04/16 00:28:11.360, Tesla PG503-216, 34 %, 13 %, 4346 MiB, 46
2026/04/16 00:28:12.361, Tesla PG503-216, 11 %, 2 %, 4346 MiB, 45
2026/04/16 00:28:13.361, Tesla PG503-216, 41 %, 16 %, 4346 MiB, 46
2026/04/16 00:28:14.362, Tesla PG503-216, 40 %, 15 %, 4346 MiB, 47
2026/04/16 00:28:15.362, Tesla PG503-216, 39 %, 16 %, 4346 MiB, 46
2026/04/16 00:28:16.363, Tesla PG503-216, 30 %, 11 %, 4346 MiB, 45
2026/04/16 00:28:17.363, Tesla PG503-216, 40 %, 15 %, 4346 MiB, 46
2026/04/16 00:28:18.364, Tesla PG503-216, 16 %, 6 %, 4346 MiB, 46
2026/04/16 00:28:19.364, Tesla PG503-216, 8 %, 3 %, 4346 MiB, 46
2026/04/16 00:28:20.366, Tesla PG503-216, 41 %, 16 %, 4346 MiB, 47
2026/04/16 00:28:21.366, Tesla PG503-216, 13 %, 4 %, 4346 MiB, 46
2026/04/16 00:28:22.366, Tesla PG503-216, 36 %, 13 %, 4346 MiB, 47
2026/04/16 00:28:23.367, Tesla PG503-216, 6 %, 0 %, 4346 MiB, 46
2026/04/16 00:28:24.367, Tesla PG503-216, 42 %, 16 %, 4346 MiB, 45
2026/04/16 00:28:25.368, Tesla PG503-216, 39 %, 16 %, 4346 MiB, 47
2026/04/16 00:28:26.368, Tesla PG503-216, 29 %, 11 %, 4346 MiB, 46
2026/04/16 00:28:27.369, Tesla PG503-216, 41 %, 16 %, 4346 MiB, 46
2026/04/16 00:28:28.369, Tesla PG503-216, 5 %, 0 %, 4346 MiB, 46
2026/04/16 00:28:29.370, Tesla PG503-216, 3 %, 0 %, 4346 MiB, 47
2026/04/16 00:28:30.370, Tesla PG503-216, 24 %, 9 %, 4346 MiB, 46
2026/04/16 00:28:31.371, Tesla PG503-216, 40 %, 15 %, 4346 MiB, 45
2026/04/16 00:28:32.371, Tesla PG503-216, 15 %, 6 %, 4346 MiB, 46
2026/04/16 00:28:33.371, Tesla PG503-216, 41 %, 16 %, 4346 MiB, 45
2026/04/16 00:28:34.372, Tesla PG503-216, 34 %, 15 %, 4346 MiB, 46
2026/04/16 00:28:35.372, Tesla PG503-216, 4 %, 1 %, 4346 MiB, 47
2026/04/16 00:28:36.373, Tesla PG503-216, 25 %, 9 %, 4346 MiB, 46
2026/04/16 00:28:37.373, Tesla PG503-216, 39 %, 15 %, 4346 MiB, 45
2026/04/16 00:28:38.374, Tesla PG503-216, 41 %, 16 %, 4346 MiB, 45
2026/04/16 00:28:39.375, Tesla PG503-216, 37 %, 15 %, 4346 MiB, 46
2026/04/16 00:28:40.375, Tesla PG503-216, 41 %, 16 %, 4346 MiB, 46
2026/04/16 00:28:41.375, Tesla PG503-216, 30 %, 12 %, 4346 MiB, 45
2026/04/16 00:28:42.376, Tesla PG503-216, 18 %, 7 %, 4346 MiB, 46
2026/04/16 00:28:43.376, Tesla PG503-216, 19 %, 7 %, 4346 MiB, 46
2026/04/16 00:28:44.377, Tesla PG503-216, 42 %, 16 %, 4346 MiB, 46
2026/04/16 00:28:45.377, Tesla PG503-216, 24 %, 9 %, 4346 MiB, 45
2026/04/16 00:28:46.378, Tesla PG503-216, 9 %, 3 %, 4346 MiB, 47
2026/04/16 00:28:47.378, Tesla PG503-216, 32 %, 12 %, 4346 MiB, 46
2026/04/16 00:28:48.379, Tesla PG503-216, 42 %, 16 %, 4346 MiB, 46
2026/04/16 00:28:49.379, Tesla PG503-216, 36 %, 15 %, 4346 MiB, 45
2026/04/16 00:28:50.379, Tesla PG503-216, 12 %, 4 %, 4346 MiB, 47
2026/04/16 00:28:51.380, Tesla PG503-216, 41 %, 16 %, 4346 MiB, 46
2026/04/16 00:28:52.380, Tesla PG503-216, 18 %, 7 %, 4346 MiB, 45
2026/04/16 00:28:53.381, Tesla PG503-216, 37 %, 14 %, 4346 MiB, 46
2026/04/16 00:28:54.381, Tesla PG503-216, 39 %, 15 %, 4346 MiB, 46
2026/04/16 00:28:55.381, Tesla PG503-216, 35 %, 14 %, 4346 MiB, 46
2026/04/16 00:28:56.382, Tesla PG503-216, 38 %, 15 %, 4346 MiB, 46
2026/04/16 00:28:57.382, Tesla PG503-216, 13 %, 5 %, 4346 MiB, 45
2026/04/16 00:28:58.383, Tesla PG503-216, 5 %, 0 %, 4346 MiB, 46
2026/04/16 00:28:59.383, Tesla PG503-216, 20 %, 7 %, 4346 MiB, 45
2026/04/16 00:29:00.384, Tesla PG503-216, 18 %, 7 %, 4346 MiB, 47
2026/04/16 00:29:01.384, Tesla PG503-216, 40 %, 16 %, 4346 MiB, 46
2026/04/16 00:29:02.385, Tesla PG503-216, 41 %, 16 %, 4346 MiB, 46
2026/04/16 00:29:03.385, Tesla PG503-216, 2 %, 0 %, 4346 MiB, 45
2026/04/16 00:29:04.386, Tesla PG503-216, 41 %, 16 %, 4346 MiB, 46
2026/04/16 00:29:05.386, Tesla PG503-216, 36 %, 15 %, 4346 MiB, 45
2026/04/16 00:29:06.387, Tesla PG503-216, 42 %, 16 %, 4346 MiB, 46
2026/04/16 00:29:07.387, Tesla PG503-216, 15 %, 5 %, 4346 MiB, 45
2026/04/16 00:29:08.388, Tesla PG503-216, 42 %, 16 %, 4346 MiB, 45
2026/04/16 00:29:09.388, Tesla PG503-216, 38 %, 15 %, 4346 MiB, 45
2026/04/16 00:29:10.389, Tesla PG503-216, 41 %, 16 %, 4346 MiB, 47
2026/04/16 00:29:11.389, Tesla PG503-216, 14 %, 5 %, 4346 MiB, 45
2026/04/16 00:29:12.390, Tesla PG503-216, 1 %, 0 %, 4346 MiB, 46
2026/04/16 00:29:13.390, Tesla PG503-216, 40 %, 15 %, 4346 MiB, 45
2026/04/16 00:29:14.391, Tesla PG503-216, 0 %, 0 %, 4346 MiB, 46
2026/04/16 00:29:15.391, Tesla PG503-216, 16 %, 6 %, 4346 MiB, 46
2026/04/16 00:29:16.391, Tesla PG503-216, 21 %, 8 %, 4346 MiB, 46
2026/04/16 00:29:17.392, Tesla PG503-216, 37 %, 15 %, 4346 MiB, 45
2026/04/16 00:29:18.392, Tesla PG503-216, 41 %, 16 %, 4346 MiB, 46
2026/04/16 00:29:19.393, Tesla PG503-216, 35 %, 15 %, 4346 MiB, 47
2026/04/16 00:29:20.393, Tesla PG503-216, 33 %, 13 %, 4346 MiB, 46
2026/04/16 00:29:21.394, Tesla PG503-216, 40 %, 15 %, 4346 MiB, 45
2026/04/16 00:29:22.394, Tesla PG503-216, 8 %, 1 %, 4346 MiB, 47
2026/04/16 00:29:23.395, Tesla PG503-216, 37 %, 14 %, 4346 MiB, 46
2026/04/16 00:29:24.395, Tesla PG503-216, 41 %, 16 %, 4346 MiB, 45
2026/04/16 00:29:25.396, Tesla PG503-216, 37 %, 16 %, 4346 MiB, 45
2026/04/16 00:29:26.396, Tesla PG503-216, 17 %, 6 %, 4346 MiB, 47
2026/04/16 00:29:27.397, Tesla PG503-216, 42 %, 16 %, 4346 MiB, 46
2026/04/16 00:29:28.397, Tesla PG503-216, 17 %, 7 %, 4346 MiB, 45
2026/04/16 00:29:29.398, Tesla PG503-216, 15 %, 5 %, 4346 MiB, 47
2026/04/16 00:29:30.398, Tesla PG503-216, 41 %, 16 %, 4346 MiB, 45
2026/04/16 00:29:31.399, Tesla PG503-216, 13 %, 4 %, 4346 MiB, 47
2026/04/16 00:29:32.399, Tesla PG503-216, 42 %, 16 %, 4346 MiB, 46
2026/04/16 00:29:33.400, Tesla PG503-216, 31 %, 13 %, 4346 MiB, 45
2026/04/16 00:29:34.400, Tesla PG503-216, 27 %, 11 %, 4346 MiB, 45
2026/04/16 00:29:35.400, Tesla PG503-216, 37 %, 15 %, 4346 MiB, 46
2026/04/16 00:29:36.401, Tesla PG503-216, 36 %, 15 %, 4346 MiB, 46
2026/04/16 00:29:37.402, Tesla PG503-216, 12 %, 3 %, 4346 MiB, 47
2026/04/16 00:29:38.402, Tesla PG503-216, 9 %, 3 %, 4346 MiB, 47
2026/04/16 00:29:39.403, Tesla PG503-216, 22 %, 8 %, 4346 MiB, 47
2026/04/16 00:29:40.403, Tesla PG503-216, 41 %, 16 %, 4346 MiB, 46
2026/04/16 00:29:41.404, Tesla PG503-216, 9 %, 2 %, 4346 MiB, 45
2026/04/16 00:29:42.404, Tesla PG503-216, 38 %, 15 %, 4346 MiB, 46
2026/04/16 00:29:43.405, Tesla PG503-216, 43 %, 17 %, 4346 MiB, 46
2026/04/16 00:29:44.405, Tesla PG503-216, 27 %, 11 %, 4346 MiB, 46
2026/04/16 00:29:45.406, Tesla PG503-216, 11 %, 4 %, 4346 MiB, 45
2026/04/16 00:29:46.406, Tesla PG503-216, 20 %, 8 %, 4346 MiB, 47
2026/04/16 00:29:47.407, Tesla PG503-216, 16 %, 5 %, 4346 MiB, 45
2026/04/16 00:29:48.407, Tesla PG503-216, 17 %, 6 %, 4346 MiB, 46
2026/04/16 00:29:49.408, Tesla PG503-216, 18 %, 6 %, 4346 MiB, 45
2026/04/16 00:29:50.408, Tesla PG503-216, 42 %, 16 %, 4346 MiB, 46
2026/04/16 00:29:51.409, Tesla PG503-216, 35 %, 16 %, 4346 MiB, 46
2026/04/16 00:29:52.409, Tesla PG503-216, 11 %, 2 %, 4346 MiB, 45
2026/04/16 00:29:53.410, Tesla PG503-216, 38 %, 15 %, 4346 MiB, 45
2026/04/16 00:29:54.410, Tesla PG503-216, 36 %, 14 %, 4346 MiB, 47
2026/04/16 00:29:55.411, Tesla PG503-216, 4 %, 0 %, 4346 MiB, 46
2026/04/16 00:29:56.411, Tesla PG503-216, 39 %, 15 %, 4346 MiB, 45
2026/04/16 00:29:57.411, Tesla PG503-216, 40 %, 15 %, 4346 MiB, 47
2026/04/16 00:29:58.412, Tesla PG503-216, 8 %, 2 %, 4346 MiB, 46
2026/04/16 00:29:59.412, Tesla PG503-216, 39 %, 16 %, 4346 MiB, 46
2026/04/16 00:30:00.413, Tesla PG503-216, 37 %, 16 %, 4346 MiB, 47
2026/04/16 00:30:01.413, Tesla PG503-216, 15 %, 5 %, 4346 MiB, 46
2026/04/16 00:30:02.414, Tesla PG503-216, 40 %, 15 %, 4346 MiB, 45
2026/04/16 00:30:03.414, Tesla PG503-216, 40 %, 16 %, 4346 MiB, 47
2026/04/16 00:30:04.415, Tesla PG503-216, 34 %, 13 %, 4346 MiB, 46
2026/04/16 00:30:05.415, Tesla PG503-216, 41 %, 16 %, 4346 MiB, 46
2026/04/16 00:30:06.415, Tesla PG503-216, 15 %, 5 %, 4346 MiB, 46
2026/04/16 00:30:07.416, Tesla PG503-216, 40 %, 15 %, 4346 MiB, 45
2026/04/16 00:30:08.416, Tesla PG503-216, 35 %, 15 %, 4346 MiB, 47
2026/04/16 00:30:09.417, Tesla PG503-216, 40 %, 15 %, 4346 MiB, 45
2026/04/16 00:30:10.417, Tesla PG503-216, 37 %, 15 %, 4346 MiB, 46
2026/04/16 00:30:11.418, Tesla PG503-216, 27 %, 10 %, 4346 MiB, 47
2026/04/16 00:30:12.418, Tesla PG503-216, 2 %, 0 %, 4346 MiB, 46
2026/04/16 00:30:13.419, Tesla PG503-216, 41 %, 16 %, 4346 MiB, 46
2026/04/16 00:30:14.419, Tesla PG503-216, 11 %, 4 %, 4346 MiB, 47
2026/04/16 00:30:15.420, Tesla PG503-216, 40 %, 15 %, 4346 MiB, 46
2026/04/16 00:30:16.420, Tesla PG503-216, 37 %, 16 %, 4346 MiB, 46
2026/04/16 00:30:17.420, Tesla PG503-216, 19 %, 7 %, 4346 MiB, 46
2026/04/16 00:30:18.421, Tesla PG503-216, 17 %, 7 %, 4346 MiB, 46
2026/04/16 00:30:19.421, Tesla PG503-216, 41 %, 16 %, 4346 MiB, 46
2026/04/16 00:30:20.422, Tesla PG503-216, 30 %, 12 %, 4346 MiB, 47
2026/04/16 00:30:21.422, Tesla PG503-216, 41 %, 16 %, 4346 MiB, 46
2026/04/16 00:30:22.423, Tesla PG503-216, 16 %, 6 %, 4346 MiB, 47
2026/04/16 00:30:23.423, Tesla PG503-216, 40 %, 15 %, 4346 MiB, 46
2026/04/16 00:30:24.424, Tesla PG503-216, 31 %, 13 %, 4346 MiB, 45
2026/04/16 00:30:25.424, Tesla PG503-216, 15 %, 5 %, 4346 MiB, 47
2026/04/16 00:30:26.424, Tesla PG503-216, 24 %, 9 %, 4346 MiB, 47
2026/04/16 00:30:27.425, Tesla PG503-216, 36 %, 14 %, 4346 MiB, 46
2026/04/16 00:30:28.425, Tesla PG503-216, 41 %, 16 %, 4346 MiB, 46
2026/04/16 00:30:29.426, Tesla PG503-216, 40 %, 16 %, 4346 MiB, 46
2026/04/16 00:30:30.426, Tesla PG503-216, 29 %, 11 %, 4346 MiB, 47
2026/04/16 00:30:31.427, Tesla PG503-216, 13 %, 5 %, 4346 MiB, 46
2026/04/16 00:30:32.427, Tesla PG503-216, 27 %, 10 %, 4346 MiB, 46
2026/04/16 00:30:33.428, Tesla PG503-216, 37 %, 16 %, 4346 MiB, 47
2026/04/16 00:30:34.428, Tesla PG503-216, 15 %, 6 %, 4346 MiB, 46
2026/04/16 00:30:35.429, Tesla PG503-216, 13 %, 5 %, 4346 MiB, 45
2026/04/16 00:30:36.429, Tesla PG503-216, 9 %, 2 %, 4346 MiB, 45
2026/04/16 00:30:37.430, Tesla PG503-216, 38 %, 15 %, 4346 MiB, 45
2026/04/16 00:30:38.430, Tesla PG503-216, 41 %, 16 %, 4346 MiB, 47
2026/04/16 00:30:39.431, Tesla PG503-216, 16 %, 6 %, 4346 MiB, 46
2026/04/16 00:30:40.431, Tesla PG503-216, 42 %, 16 %, 4346 MiB, 45
2026/04/16 00:30:41.432, Tesla PG503-216, 40 %, 16 %, 4346 MiB, 45
2026/04/16 00:30:42.432, Tesla PG503-216, 41 %, 16 %, 4346 MiB, 45
2026/04/16 00:30:43.433, Tesla PG503-216, 30 %, 12 %, 4346 MiB, 47
2026/04/16 00:30:44.433, Tesla PG503-216, 13 %, 5 %, 4346 MiB, 47
2026/04/16 00:30:45.433, Tesla PG503-216, 0 %, 0 %, 4346 MiB, 46
2026/04/16 00:30:46.434, Tesla PG503-216, 37 %, 16 %, 4346 MiB, 45
2026/04/16 00:30:47.434, Tesla PG503-216, 0 %, 0 %, 4346 MiB, 47
2026/04/16 00:30:48.435, Tesla PG503-216, 27 %, 10 %, 4346 MiB, 46
2026/04/16 00:30:49.436, Tesla PG503-216, 42 %, 16 %, 4346 MiB, 45
2026/04/16 00:30:50.436, Tesla PG503-216, 42 %, 16 %, 4346 MiB, 45
2026/04/16 00:30:51.437, Tesla PG503-216, 5 %, 0 %, 4346 MiB, 46
2026/04/16 00:30:52.437, Tesla PG503-216, 2 %, 0 %, 4346 MiB, 46
2026/04/16 00:30:53.437, Tesla PG503-216, 18 %, 7 %, 4346 MiB, 47
2026/04/16 00:30:54.438, Tesla PG503-216, 16 %, 6 %, 4346 MiB, 47
2026/04/16 00:30:55.438, Tesla PG503-216, 13 %, 5 %, 4346 MiB, 47
2026/04/16 00:30:56.439, Tesla PG503-216, 5 %, 0 %, 4346 MiB, 47
2026/04/16 00:30:57.439, Tesla PG503-216, 39 %, 15 %, 4346 MiB, 45
2026/04/16 00:30:58.440, Tesla PG503-216, 17 %, 6 %, 4346 MiB, 46
2026/04/16 00:30:59.440, Tesla PG503-216, 38 %, 15 %, 4346 MiB, 46
2026/04/16 00:31:00.441, Tesla PG503-216, 36 %, 16 %, 4346 MiB, 45
2026/04/16 00:31:01.441, Tesla PG503-216, 22 %, 8 %, 4346 MiB, 46
2026/04/16 00:31:02.442, Tesla PG503-216, 33 %, 13 %, 4346 MiB, 46
2026/04/16 00:31:03.442, Tesla PG503-216, 1 %, 0 %, 4346 MiB, 47
2026/04/16 00:31:04.443, Tesla PG503-216, 5 %, 0 %, 4346 MiB, 47
2026/04/16 00:31:05.443, Tesla PG503-216, 42 %, 16 %, 4346 MiB, 45
2026/04/16 00:31:06.444, Tesla PG503-216, 41 %, 16 %, 4346 MiB, 46
2026/04/16 00:31:07.444, Tesla PG503-216, 3 %, 0 %, 4346 MiB, 45
2026/04/16 00:31:08.445, Tesla PG503-216, 3 %, 1 %, 4346 MiB, 45
2026/04/16 00:31:09.445, Tesla PG503-216, 35 %, 16 %, 4346 MiB, 45
2026/04/16 00:31:10.445, Tesla PG503-216, 40 %, 15 %, 4346 MiB, 46
2026/04/16 00:31:11.446, Tesla PG503-216, 19 %, 7 %, 4346 MiB, 46
2026/04/16 00:31:12.447, Tesla PG503-216, 41 %, 16 %, 4346 MiB, 46
2026/04/16 00:31:13.447, Tesla PG503-216, 20 %, 6 %, 4346 MiB, 47
2026/04/16 00:31:14.448, Tesla PG503-216, 41 %, 16 %, 4346 MiB, 46
2026/04/16 00:31:15.448, Tesla PG503-216, 42 %, 16 %, 4346 MiB, 46
2026/04/16 00:31:16.449, Tesla PG503-216, 42 %, 16 %, 4346 MiB, 46
2026/04/16 00:31:17.449, Tesla PG503-216, 4 %, 0 %, 4346 MiB, 47
2026/04/16 00:31:18.450, Tesla PG503-216, 37 %, 15 %, 4346 MiB, 45
2026/04/16 00:31:19.450, Tesla PG503-216, 23 %, 9 %, 4346 MiB, 45
2026/04/16 00:31:20.451, Tesla PG503-216, 32 %, 13 %, 4346 MiB, 47
2026/04/16 00:31:21.451, Tesla PG503-216, 41 %, 16 %, 4346 MiB, 46
2026/04/16 00:31:22.452, Tesla PG503-216, 41 %, 16 %, 4346 MiB, 46
2026/04/16 00:31:23.452, Tesla PG503-216, 31 %, 12 %, 4346 MiB, 47
2026/04/16 00:31:24.453, Tesla PG503-216, 41 %, 16 %, 4346 MiB, 46
2026/04/16 00:31:25.454, Tesla PG503-216, 37 %, 15 %, 4346 MiB, 46
2026/04/16 00:31:26.454, Tesla PG503-216, 14 %, 5 %, 4346 MiB, 45
2026/04/16 00:31:27.455, Tesla PG503-216, 41 %, 16 %, 4346 MiB, 46
2026/04/16 00:31:28.455, Tesla PG503-216, 16 %, 5 %, 4346 MiB, 45
2026/04/16 00:31:29.456, Tesla PG503-216, 17 %, 6 %, 4346 MiB, 45
2026/04/16 00:31:30.456, Tesla PG503-216, 36 %, 15 %, 4346 MiB, 45
2026/04/16 00:31:31.457, Tesla PG503-216, 25 %, 9 %, 4346 MiB, 45
2026/04/16 00:31:32.457, Tesla PG503-216, 39 %, 15 %, 4346 MiB, 47
2026/04/16 00:31:33.457, Tesla PG503-216, 28 %, 11 %, 4346 MiB, 47
2026/04/16 00:31:34.458, Tesla PG503-216, 34 %, 13 %, 4346 MiB, 45
2026/04/16 00:31:35.459, Tesla PG503-216, 35 %, 15 %, 4346 MiB, 45
2026/04/16 00:31:36.459, Tesla PG503-216, 28 %, 11 %, 4346 MiB, 46
2026/04/16 00:31:37.460, Tesla PG503-216, 9 %, 2 %, 4346 MiB, 46
2026/04/16 00:31:38.460, Tesla PG503-216, 24 %, 9 %, 4346 MiB, 46
2026/04/16 00:31:39.460, Tesla PG503-216, 37 %, 15 %, 4346 MiB, 46
2026/04/16 00:31:40.461, Tesla PG503-216, 36 %, 16 %, 4346 MiB, 47
2026/04/16 00:31:41.462, Tesla PG503-216, 25 %, 9 %, 4346 MiB, 46
2026/04/16 00:31:42.462, Tesla PG503-216, 40 %, 15 %, 4346 MiB, 45
2026/04/16 00:31:43.463, Tesla PG503-216, 34 %, 15 %, 4346 MiB, 46
2026/04/16 00:31:44.463, Tesla PG503-216, 27 %, 10 %, 4346 MiB, 46
2026/04/16 00:31:45.464, Tesla PG503-216, 37 %, 15 %, 4346 MiB, 45
2026/04/16 00:31:46.464, Tesla PG503-216, 35 %, 13 %, 4346 MiB, 46
2026/04/16 00:31:47.465, Tesla PG503-216, 28 %, 10 %, 4346 MiB, 46
2026/04/16 00:31:48.465, Tesla PG503-216, 41 %, 16 %, 4346 MiB, 45
2026/04/16 00:31:49.466, Tesla PG503-216, 16 %, 6 %, 4346 MiB, 46
2026/04/16 00:31:50.466, Tesla PG503-216, 36 %, 16 %, 4346 MiB, 45
2026/04/16 00:31:51.467, Tesla PG503-216, 20 %, 8 %, 4346 MiB, 47
2026/04/16 00:31:52.467, Tesla PG503-216, 40 %, 15 %, 4346 MiB, 46
2026/04/16 00:31:53.468, Tesla PG503-216, 37 %, 15 %, 4346 MiB, 45
2026/04/16 00:31:54.468, Tesla PG503-216, 41 %, 16 %, 4346 MiB, 45
2026/04/16 00:31:55.469, Tesla PG503-216, 5 %, 2 %, 4346 MiB, 46
2026/04/16 00:31:56.469, Tesla PG503-216, 2 %, 0 %, 4346 MiB, 45
2026/04/16 00:31:57.470, Tesla PG503-216, 41 %, 16 %, 4346 MiB, 46
2026/04/16 00:31:58.470, Tesla PG503-216, 26 %, 10 %, 4346 MiB, 45
2026/04/16 00:31:59.471, Tesla PG503-216, 22 %, 8 %, 4346 MiB, 45
2026/04/16 00:32:00.471, Tesla PG503-216, 42 %, 16 %, 4346 MiB, 46
2026/04/16 00:32:01.472, Tesla PG503-216, 30 %, 12 %, 4346 MiB, 45
2026/04/16 00:32:02.472, Tesla PG503-216, 8 %, 3 %, 4346 MiB, 45
2026/04/16 00:32:03.473, Tesla PG503-216, 17 %, 7 %, 4346 MiB, 45
2026/04/16 00:32:04.474, Tesla PG503-216, 7 %, 1 %, 4346 MiB, 46
2026/04/16 00:32:05.474, Tesla PG503-216, 22 %, 8 %, 4346 MiB, 47
2026/04/16 00:32:06.474, Tesla PG503-216, 32 %, 12 %, 4346 MiB, 46
2026/04/16 00:32:07.475, Tesla PG503-216, 39 %, 15 %, 4346 MiB, 46
2026/04/16 00:32:08.475, Tesla PG503-216, 24 %, 9 %, 4346 MiB, 46
2026/04/16 00:32:09.476, Tesla PG503-216, 20 %, 8 %, 4346 MiB, 47
2026/04/16 00:32:10.476, Tesla PG503-216, 16 %, 6 %, 4346 MiB, 46
2026/04/16 00:32:11.477, Tesla PG503-216, 40 %, 16 %, 4346 MiB, 46
2026/04/16 00:32:12.477, Tesla PG503-216, 41 %, 16 %, 4346 MiB, 46
2026/04/16 00:32:13.478, Tesla PG503-216, 41 %, 16 %, 4346 MiB, 47
2026/04/16 00:32:14.478, Tesla PG503-216, 35 %, 14 %, 4346 MiB, 47
2026/04/16 00:32:15.479, Tesla PG503-216, 42 %, 16 %, 4346 MiB, 47
2026/04/16 00:32:16.479, Tesla PG503-216, 40 %, 15 %, 4346 MiB, 46
2026/04/16 00:32:17.480, Tesla PG503-216, 3 %, 0 %, 4346 MiB, 46
2026/04/16 00:32:18.480, Tesla PG503-216, 16 %, 5 %, 4346 MiB, 46
2026/04/16 00:32:19.481, Tesla PG503-216, 16 %, 6 %, 4346 MiB, 46
2026/04/16 00:32:20.481, Tesla PG503-216, 25 %, 8 %, 4346 MiB, 45
2026/04/16 00:32:21.482, Tesla PG503-216, 38 %, 15 %, 4346 MiB, 45
2026/04/16 00:32:22.483, Tesla PG503-216, 38 %, 16 %, 4346 MiB, 47
2026/04/16 00:32:23.483, Tesla PG503-216, 30 %, 12 %, 4346 MiB, 46
2026/04/16 00:32:24.484, Tesla PG503-216, 8 %, 1 %, 4346 MiB, 46
2026/04/16 00:32:25.484, Tesla PG503-216, 29 %, 11 %, 4346 MiB, 46
2026/04/16 00:32:26.485, Tesla PG503-216, 27 %, 10 %, 4346 MiB, 46
2026/04/16 00:32:27.485, Tesla PG503-216, 41 %, 16 %, 4346 MiB, 46
2026/04/16 00:32:28.485, Tesla PG503-216, 12 %, 4 %, 4346 MiB, 46
2026/04/16 00:32:29.486, Tesla PG503-216, 9 %, 2 %, 4346 MiB, 46
2026/04/16 00:32:30.487, Tesla PG503-216, 35 %, 14 %, 4346 MiB, 46
2026/04/16 00:32:31.487, Tesla PG503-216, 43 %, 17 %, 4346 MiB, 47
2026/04/16 00:32:32.488, Tesla PG503-216, 9 %, 2 %, 4346 MiB, 46
2026/04/16 00:32:33.488, Tesla PG503-216, 40 %, 15 %, 4346 MiB, 46
2026/04/16 00:32:34.489, Tesla PG503-216, 10 %, 3 %, 4346 MiB, 46
2026/04/16 00:32:35.489, Tesla PG503-216, 36 %, 13 %, 4346 MiB, 45
2026/04/16 00:32:36.490, Tesla PG503-216, 36 %, 14 %, 4346 MiB, 46
2026/04/16 00:32:37.490, Tesla PG503-216, 41 %, 16 %, 4346 MiB, 45
2026/04/16 00:32:38.491, Tesla PG503-216, 29 %, 11 %, 4346 MiB, 47
2026/04/16 00:32:39.491, Tesla PG503-216, 5 %, 0 %, 4346 MiB, 47
2026/04/16 00:32:40.492, Tesla PG503-216, 10 %, 3 %, 4346 MiB, 47
2026/04/16 00:32:41.492, Tesla PG503-216, 40 %, 15 %, 4346 MiB, 46
2026/04/16 00:32:42.493, Tesla PG503-216, 36 %, 16 %, 4346 MiB, 46
2026/04/16 00:32:43.493, Tesla PG503-216, 7 %, 0 %, 4346 MiB, 47
2026/04/16 00:32:44.494, Tesla PG503-216, 41 %, 16 %, 4346 MiB, 46
2026/04/16 00:32:45.494, Tesla PG503-216, 41 %, 16 %, 4346 MiB, 46
2026/04/16 00:32:46.495, Tesla PG503-216, 14 %, 5 %, 4346 MiB, 47
2026/04/16 00:32:47.495, Tesla PG503-216, 42 %, 16 %, 4346 MiB, 46
2026/04/16 00:32:48.496, Tesla PG503-216, 41 %, 16 %, 4346 MiB, 46
2026/04/16 00:32:49.496, Tesla PG503-216, 32 %, 13 %, 4346 MiB, 46
2026/04/16 00:32:50.496, Tesla PG503-216, 30 %, 12 %, 4346 MiB, 47
2026/04/16 00:32:51.497, Tesla PG503-216, 41 %, 16 %, 4346 MiB, 46
2026/04/16 00:32:52.497, Tesla PG503-216, 39 %, 16 %, 4346 MiB, 46
2026/04/16 00:32:53.498, Tesla PG503-216, 41 %, 16 %, 4346 MiB, 46
2026/04/16 00:32:54.498, Tesla PG503-216, 11 %, 3 %, 4346 MiB, 46
2026/04/16 00:32:55.499, Tesla PG503-216, 27 %, 10 %, 4346 MiB, 47
2026/04/16 00:32:56.499, Tesla PG503-216, 21 %, 8 %, 4346 MiB, 47
2026/04/16 00:32:57.500, Tesla PG503-216, 41 %, 16 %, 4346 MiB, 47
2026/04/16 00:32:58.500, Tesla PG503-216, 36 %, 13 %, 4346 MiB, 46
2026/04/16 00:32:59.501, Tesla PG503-216, 35 %, 15 %, 4346 MiB, 46
2026/04/16 00:33:00.501, Tesla PG503-216, 40 %, 16 %, 4346 MiB, 46
2026/04/16 00:33:01.502, Tesla PG503-216, 42 %, 16 %, 4346 MiB, 45
2026/04/16 00:33:02.502, Tesla PG503-216, 41 %, 16 %, 4346 MiB, 48
2026/04/16 00:33:03.503, Tesla PG503-216, 35 %, 15 %, 4346 MiB, 47
2026/04/16 00:33:04.503, Tesla PG503-216, 36 %, 16 %, 4346 MiB, 47
2026/04/16 00:33:05.504, Tesla PG503-216, 33 %, 14 %, 4346 MiB, 47
2026/04/16 00:33:06.504, Tesla PG503-216, 8 %, 1 %, 4346 MiB, 46
2026/04/16 00:33:07.505, Tesla PG503-216, 39 %, 15 %, 4346 MiB, 47
2026/04/16 00:33:08.505, Tesla PG503-216, 14 %, 5 %, 4346 MiB, 45
2026/04/16 00:33:09.506, Tesla PG503-216, 16 %, 5 %, 4346 MiB, 45
2026/04/16 00:33:10.506, Tesla PG503-216, 40 %, 16 %, 4346 MiB, 46
2026/04/16 00:33:11.507, Tesla PG503-216, 40 %, 15 %, 4346 MiB, 46
2026/04/16 00:33:12.507, Tesla PG503-216, 35 %, 15 %, 4346 MiB, 47
2026/04/16 00:33:13.508, Tesla PG503-216, 8 %, 3 %, 4346 MiB, 46
2026/04/16 00:33:14.508, Tesla PG503-216, 41 %, 16 %, 4346 MiB, 46
2026/04/16 00:33:15.509, Tesla PG503-216, 9 %, 2 %, 4346 MiB, 46
2026/04/16 00:33:16.509, Tesla PG503-216, 40 %, 16 %, 4346 MiB, 46
2026/04/16 00:33:17.510, Tesla PG503-216, 41 %, 16 %, 4346 MiB, 46
2026/04/16 00:33:18.510, Tesla PG503-216, 16 %, 5 %, 4346 MiB, 46
2026/04/16 00:33:19.511, Tesla PG503-216, 8 %, 1 %, 4346 MiB, 46
2026/04/16 00:33:20.511, Tesla PG503-216, 40 %, 15 %, 4346 MiB, 46
2026/04/16 00:33:21.512, Tesla PG503-216, 39 %, 15 %, 4346 MiB, 46
2026/04/16 00:33:22.512, Tesla PG503-216, 36 %, 16 %, 4346 MiB, 46
2026/04/16 00:33:23.512, Tesla PG503-216, 40 %, 16 %, 4346 MiB, 45
2026/04/16 00:33:24.513, Tesla PG503-216, 23 %, 9 %, 4346 MiB, 47
2026/04/16 00:33:25.513, Tesla PG503-216, 4 %, 0 %, 4346 MiB, 47
2026/04/16 00:33:26.514, Tesla PG503-216, 19 %, 8 %, 4346 MiB, 46
2026/04/16 00:33:27.514, Tesla PG503-216, 34 %, 13 %, 4346 MiB, 46
2026/04/16 00:33:28.515, Tesla PG503-216, 40 %, 16 %, 4346 MiB, 46
2026/04/16 00:33:29.515, Tesla PG503-216, 25 %, 10 %, 4346 MiB, 47
2026/04/16 00:33:30.516, Tesla PG503-216, 34 %, 14 %, 4346 MiB, 46
2026/04/16 00:33:31.516, Tesla PG503-216, 41 %, 16 %, 4346 MiB, 46
2026/04/16 00:33:32.517, Tesla PG503-216, 36 %, 16 %, 4346 MiB, 46
2026/04/16 00:33:33.517, Tesla PG503-216, 21 %, 8 %, 4346 MiB, 47
2026/04/16 00:33:34.518, Tesla PG503-216, 6 %, 0 %, 4346 MiB, 48
2026/04/16 00:33:35.518, Tesla PG503-216, 26 %, 10 %, 4346 MiB, 47
2026/04/16 00:33:36.519, Tesla PG503-216, 22 %, 8 %, 4346 MiB, 47
2026/04/16 00:33:37.519, Tesla PG503-216, 15 %, 5 %, 4346 MiB, 48
2026/04/16 00:33:38.520, Tesla PG503-216, 41 %, 16 %, 4346 MiB, 46
2026/04/16 00:33:39.520, Tesla PG503-216, 8 %, 2 %, 4346 MiB, 47
2026/04/16 00:33:40.521, Tesla PG503-216, 30 %, 12 %, 4346 MiB, 47
2026/04/16 00:33:41.521, Tesla PG503-216, 41 %, 16 %, 4346 MiB, 46
2026/04/16 00:33:42.521, Tesla PG503-216, 15 %, 6 %, 4346 MiB, 48
2026/04/16 00:33:43.522, Tesla PG503-216, 40 %, 15 %, 4346 MiB, 46
2026/04/16 00:33:44.522, Tesla PG503-216, 18 %, 7 %, 4346 MiB, 46
2026/04/16 00:33:45.523, Tesla PG503-216, 36 %, 16 %, 4346 MiB, 46
2026/04/16 00:33:46.523, Tesla PG503-216, 13 %, 4 %, 4346 MiB, 46
2026/04/16 00:33:47.524, Tesla PG503-216, 39 %, 15 %, 4346 MiB, 48
2026/04/16 00:33:48.524, Tesla PG503-216, 35 %, 13 %, 4346 MiB, 46
2026/04/16 00:33:49.524, Tesla PG503-216, 39 %, 15 %, 4346 MiB, 46
2026/04/16 00:33:50.525, Tesla PG503-216, 7 %, 1 %, 4346 MiB, 46
2026/04/16 00:33:51.525, Tesla PG503-216, 40 %, 15 %, 4346 MiB, 46
2026/04/16 00:33:52.526, Tesla PG503-216, 42 %, 16 %, 4346 MiB, 46
2026/04/16 00:33:53.526, Tesla PG503-216, 36 %, 16 %, 4346 MiB, 48
2026/04/16 00:33:54.527, Tesla PG503-216, 41 %, 16 %, 4346 MiB, 46
2026/04/16 00:33:55.527, Tesla PG503-216, 26 %, 10 %, 4346 MiB, 47
2026/04/16 00:33:56.528, Tesla PG503-216, 16 %, 6 %, 4346 MiB, 46
2026/04/16 00:33:57.528, Tesla PG503-216, 6 %, 0 %, 4346 MiB, 46
2026/04/16 00:33:58.529, Tesla PG503-216, 36 %, 15 %, 4346 MiB, 47
2026/04/16 00:33:59.529, Tesla PG503-216, 32 %, 13 %, 4346 MiB, 46
2026/04/16 00:34:00.530, Tesla PG503-216, 41 %, 16 %, 4346 MiB, 47
2026/04/16 00:34:01.530, Tesla PG503-216, 22 %, 8 %, 4346 MiB, 46
2026/04/16 00:34:02.531, Tesla PG503-216, 31 %, 12 %, 4346 MiB, 47
2026/04/16 00:34:03.531, Tesla PG503-216, 16 %, 6 %, 4346 MiB, 47
2026/04/16 00:34:04.532, Tesla PG503-216, 31 %, 12 %, 4346 MiB, 46
2026/04/16 00:34:05.532, Tesla PG503-216, 40 %, 15 %, 4346 MiB, 47
2026/04/16 00:34:06.533, Tesla PG503-216, 5 %, 0 %, 4346 MiB, 47
2026/04/16 00:34:07.533, Tesla PG503-216, 30 %, 11 %, 4346 MiB, 46
2026/04/16 00:34:08.533, Tesla PG503-216, 38 %, 15 %, 4346 MiB, 46
2026/04/16 00:34:09.534, Tesla PG503-216, 34 %, 14 %, 4346 MiB, 46
2026/04/16 00:34:10.534, Tesla PG503-216, 11 %, 3 %, 4346 MiB, 47
2026/04/16 00:34:11.535, Tesla PG503-216, 34 %, 13 %, 4346 MiB, 46
2026/04/16 00:34:12.535, Tesla PG503-216, 41 %, 16 %, 4346 MiB, 46
2026/04/16 00:34:13.536, Tesla PG503-216, 43 %, 17 %, 4346 MiB, 46
2026/04/16 00:34:14.536, Tesla PG503-216, 42 %, 16 %, 4346 MiB, 46
2026/04/16 00:34:15.537, Tesla PG503-216, 41 %, 16 %, 4346 MiB, 46
2026/04/16 00:34:16.537, Tesla PG503-216, 37 %, 14 %, 4346 MiB, 46
2026/04/16 00:34:17.538, Tesla PG503-216, 17 %, 7 %, 4346 MiB, 47
2026/04/16 00:34:18.538, Tesla PG503-216, 14 %, 5 %, 4346 MiB, 47
2026/04/16 00:34:19.539, Tesla PG503-216, 41 %, 16 %, 4346 MiB, 46
2026/04/16 00:34:20.539, Tesla PG503-216, 40 %, 15 %, 4346 MiB, 46
2026/04/16 00:34:21.540, Tesla PG503-216, 13 %, 4 %, 4346 MiB, 48
2026/04/16 00:34:22.541, Tesla PG503-216, 5 %, 0 %, 4346 MiB, 47
2026/04/16 00:34:23.541, Tesla PG503-216, 4 %, 0 %, 4346 MiB, 47
2026/04/16 00:34:24.542, Tesla PG503-216, 4 %, 0 %, 4346 MiB, 47
2026/04/16 00:34:25.542, Tesla PG503-216, 7 %, 1 %, 4346 MiB, 47
2026/04/16 00:34:26.543, Tesla PG503-216, 13 %, 5 %, 4346 MiB, 46
2026/04/16 00:34:27.543, Tesla PG503-216, 17 %, 7 %, 4346 MiB, 48
2026/04/16 00:34:28.544, Tesla PG503-216, 40 %, 15 %, 4346 MiB, 46
2026/04/16 00:34:29.544, Tesla PG503-216, 6 %, 0 %, 4346 MiB, 47
2026/04/16 00:34:30.545, Tesla PG503-216, 36 %, 14 %, 4346 MiB, 47
2026/04/16 00:34:31.545, Tesla PG503-216, 41 %, 16 %, 4346 MiB, 46
2026/04/16 00:34:32.546, Tesla PG503-216, 26 %, 10 %, 4346 MiB, 46
2026/04/16 00:34:33.546, Tesla PG503-216, 34 %, 13 %, 4346 MiB, 47
2026/04/16 00:34:34.547, Tesla PG503-216, 40 %, 16 %, 4346 MiB, 46
2026/04/16 00:34:35.547, Tesla PG503-216, 28 %, 10 %, 4346 MiB, 47
2026/04/16 00:34:36.548, Tesla PG503-216, 35 %, 15 %, 4346 MiB, 46
2026/04/16 00:34:37.548, Tesla PG503-216, 3 %, 0 %, 4346 MiB, 46
2026/04/16 00:34:38.549, Tesla PG503-216, 26 %, 10 %, 4346 MiB, 48
2026/04/16 00:34:39.549, Tesla PG503-216, 40 %, 16 %, 4346 MiB, 48
2026/04/16 00:34:40.549, Tesla PG503-216, 36 %, 15 %, 4346 MiB, 46
2026/04/16 00:34:41.550, Tesla PG503-216, 23 %, 9 %, 4346 MiB, 47
2026/04/16 00:34:42.550, Tesla PG503-216, 39 %, 15 %, 4346 MiB, 47
2026/04/16 00:34:43.551, Tesla PG503-216, 39 %, 16 %, 4346 MiB, 46
2026/04/16 00:34:44.551, Tesla PG503-216, 29 %, 11 %, 4346 MiB, 46
2026/04/16 00:34:45.552, Tesla PG503-216, 16 %, 5 %, 4346 MiB, 46
2026/04/16 00:34:46.552, Tesla PG503-216, 17 %, 6 %, 4346 MiB, 46
2026/04/16 00:34:47.553, Tesla PG503-216, 39 %, 16 %, 4346 MiB, 48
2026/04/16 00:34:48.553, Tesla PG503-216, 11 %, 4 %, 4346 MiB, 46
2026/04/16 00:34:49.554, Tesla PG503-216, 9 %, 2 %, 4346 MiB, 46
2026/04/16 00:34:50.554, Tesla PG503-216, 41 %, 16 %, 4346 MiB, 47
2026/04/16 00:34:51.555, Tesla PG503-216, 17 %, 5 %, 4346 MiB, 46
2026/04/16 00:34:52.555, Tesla PG503-216, 43 %, 17 %, 4346 MiB, 46
2026/04/16 00:34:53.556, Tesla PG503-216, 11 %, 4 %, 4346 MiB, 47
2026/04/16 00:34:54.557, Tesla PG503-216, 14 %, 5 %, 4346 MiB, 46
2026/04/16 00:34:55.557, Tesla PG503-216, 40 %, 15 %, 4346 MiB, 46
2026/04/16 00:34:56.558, Tesla PG503-216, 12 %, 2 %, 4346 MiB, 48
2026/04/16 00:34:57.558, Tesla PG503-216, 42 %, 16 %, 4346 MiB, 46
2026/04/16 00:34:58.558, Tesla PG503-216, 32 %, 14 %, 4346 MiB, 46
2026/04/16 00:34:59.559, Tesla PG503-216, 18 %, 7 %, 4346 MiB, 47
2026/04/16 00:35:00.559, Tesla PG503-216, 41 %, 16 %, 4346 MiB, 46
2026/04/16 00:35:01.560, Tesla PG503-216, 40 %, 16 %, 4346 MiB, 46
2026/04/16 00:35:02.560, Tesla PG503-216, 17 %, 7 %, 4346 MiB, 46
2026/04/16 00:35:03.561, Tesla PG503-216, 10 %, 4 %, 4346 MiB, 48
2026/04/16 00:35:04.562, Tesla PG503-216, 12 %, 4 %, 4346 MiB, 48
2026/04/16 00:35:05.562, Tesla PG503-216, 41 %, 16 %, 4346 MiB, 46
2026/04/16 00:35:06.562, Tesla PG503-216, 6 %, 0 %, 4346 MiB, 48
2026/04/16 00:35:07.563, Tesla PG503-216, 40 %, 15 %, 4346 MiB, 46
2026/04/16 00:35:08.563, Tesla PG503-216, 18 %, 7 %, 4346 MiB, 46
2026/04/16 00:35:09.565, Tesla PG503-216, 18 %, 7 %, 4346 MiB, 48
2026/04/16 00:35:10.566, Tesla PG503-216, 42 %, 16 %, 4346 MiB, 46
2026/04/16 00:35:11.566, Tesla PG503-216, 27 %, 10 %, 4346 MiB, 46
2026/04/16 00:35:12.567, Tesla PG503-216, 17 %, 7 %, 4346 MiB, 48
2026/04/16 00:35:13.567, Tesla PG503-216, 39 %, 15 %, 4346 MiB, 47
2026/04/16 00:35:14.568, Tesla PG503-216, 42 %, 16 %, 4346 MiB, 47
2026/04/16 00:35:15.568, Tesla PG503-216, 16 %, 6 %, 4346 MiB, 46
2026/04/16 00:35:16.569, Tesla PG503-216, 38 %, 15 %, 4346 MiB, 48
2026/04/16 00:35:17.569, Tesla PG503-216, 41 %, 16 %, 4346 MiB, 47
2026/04/16 00:35:18.569, Tesla PG503-216, 24 %, 9 %, 4346 MiB, 46
2026/04/16 00:35:19.570, Tesla PG503-216, 31 %, 12 %, 4346 MiB, 48
2026/04/16 00:35:20.570, Tesla PG503-216, 39 %, 15 %, 4346 MiB, 46
2026/04/16 00:35:21.571, Tesla PG503-216, 36 %, 15 %, 4346 MiB, 46
2026/04/16 00:35:22.571, Tesla PG503-216, 12 %, 4 %, 4346 MiB, 47
2026/04/16 00:35:23.572, Tesla PG503-216, 40 %, 15 %, 4346 MiB, 48
2026/04/16 00:35:24.572, Tesla PG503-216, 40 %, 15 %, 4346 MiB, 48
2026/04/16 00:35:25.573, Tesla PG503-216, 14 %, 5 %, 4346 MiB, 46
2026/04/16 00:35:26.573, Tesla PG503-216, 9 %, 2 %, 4346 MiB, 46
2026/04/16 00:35:27.574, Tesla PG503-216, 41 %, 16 %, 4346 MiB, 46
2026/04/16 00:35:28.574, Tesla PG503-216, 35 %, 15 %, 4346 MiB, 47
2026/04/16 00:35:29.575, Tesla PG503-216, 8 %, 2 %, 4346 MiB, 46
2026/04/16 00:35:30.575, Tesla PG503-216, 34 %, 14 %, 4346 MiB, 46
2026/04/16 00:35:31.576, Tesla PG503-216, 1 %, 0 %, 4346 MiB, 48
2026/04/16 00:35:32.576, Tesla PG503-216, 34 %, 14 %, 4346 MiB, 46
2026/04/16 00:35:33.577, Tesla PG503-216, 40 %, 15 %, 4346 MiB, 46
2026/04/16 00:35:34.577, Tesla PG503-216, 13 %, 5 %, 4346 MiB, 46
2026/04/16 00:35:35.578, Tesla PG503-216, 6 %, 1 %, 4346 MiB, 45
2026/04/16 00:35:36.578, Tesla PG503-216, 23 %, 9 %, 4346 MiB, 46
2026/04/16 00:35:37.579, Tesla PG503-216, 2 %, 0 %, 4346 MiB, 47
2026/04/16 00:35:38.579, Tesla PG503-216, 13 %, 5 %, 4346 MiB, 46
2026/04/16 00:35:39.580, Tesla PG503-216, 42 %, 16 %, 4346 MiB, 46
2026/04/16 00:35:40.580, Tesla PG503-216, 39 %, 16 %, 4346 MiB, 46
2026/04/16 00:35:41.580, Tesla PG503-216, 37 %, 15 %, 4346 MiB, 47
2026/04/16 00:35:42.581, Tesla PG503-216, 4 %, 1 %, 4346 MiB, 47
2026/04/16 00:35:43.581, Tesla PG503-216, 4 %, 0 %, 4346 MiB, 47
2026/04/16 00:35:44.582, Tesla PG503-216, 7 %, 2 %, 4346 MiB, 48
2026/04/16 00:35:45.582, Tesla PG503-216, 6 %, 0 %, 4346 MiB, 47
2026/04/16 00:35:46.583, Tesla PG503-216, 40 %, 15 %, 4346 MiB, 46
2026/04/16 00:35:47.583, Tesla PG503-216, 11 %, 3 %, 4346 MiB, 47
2026/04/16 00:35:48.584, Tesla PG503-216, 41 %, 16 %, 4346 MiB, 46
2026/04/16 00:35:49.584, Tesla PG503-216, 43 %, 17 %, 4346 MiB, 46
2026/04/16 00:35:50.585, Tesla PG503-216, 15 %, 6 %, 4346 MiB, 48
2026/04/16 00:35:51.585, Tesla PG503-216, 12 %, 4 %, 4346 MiB, 47
2026/04/16 00:35:52.585, Tesla PG503-216, 39 %, 15 %, 4346 MiB, 46
2026/04/16 00:35:53.586, Tesla PG503-216, 36 %, 15 %, 4346 MiB, 46
2026/04/16 00:35:54.586, Tesla PG503-216, 37 %, 16 %, 4346 MiB, 48
2026/04/16 00:35:55.587, Tesla PG503-216, 38 %, 15 %, 4346 MiB, 46
2026/04/16 00:35:56.587, Tesla PG503-216, 24 %, 10 %, 4346 MiB, 48
2026/04/16 00:35:57.588, Tesla PG503-216, 31 %, 12 %, 4346 MiB, 47
2026/04/16 00:35:58.588, Tesla PG503-216, 38 %, 15 %, 4346 MiB, 46
2026/04/16 00:35:59.589, Tesla PG503-216, 22 %, 7 %, 4346 MiB, 48
2026/04/16 00:36:00.589, Tesla PG503-216, 37 %, 14 %, 4346 MiB, 46
2026/04/16 00:36:01.590, Tesla PG503-216, 41 %, 16 %, 4346 MiB, 46
2026/04/16 00:36:02.590, Tesla PG503-216, 23 %, 9 %, 4346 MiB, 46
2026/04/16 00:36:03.591, Tesla PG503-216, 6 %, 0 %, 4346 MiB, 46
2026/04/16 00:36:04.593, Tesla PG503-216, 6 %, 0 %, 4346 MiB, 46
2026/04/16 00:36:05.593, Tesla PG503-216, 18 %, 7 %, 4346 MiB, 47
2026/04/16 00:36:06.593, Tesla PG503-216, 40 %, 15 %, 4346 MiB, 48
2026/04/16 00:36:07.594, Tesla PG503-216, 20 %, 8 %, 4346 MiB, 47
2026/04/16 00:36:08.594, Tesla PG503-216, 10 %, 3 %, 4346 MiB, 46
2026/04/16 00:36:09.595, Tesla PG503-216, 39 %, 15 %, 4346 MiB, 46
2026/04/16 00:36:10.595, Tesla PG503-216, 41 %, 16 %, 4346 MiB, 47
2026/04/16 00:36:11.596, Tesla PG503-216, 23 %, 8 %, 4346 MiB, 47
2026/04/16 00:36:12.596, Tesla PG503-216, 11 %, 4 %, 4346 MiB, 46
2026/04/16 00:36:13.597, Tesla PG503-216, 25 %, 10 %, 4346 MiB, 46
2026/04/16 00:36:14.597, Tesla PG503-216, 26 %, 10 %, 4346 MiB, 46
2026/04/16 00:36:15.598, Tesla PG503-216, 41 %, 16 %, 4346 MiB, 46
2026/04/16 00:36:16.598, Tesla PG503-216, 38 %, 16 %, 4346 MiB, 48
2026/04/16 00:36:17.599, Tesla PG503-216, 37 %, 15 %, 4346 MiB, 48
2026/04/16 00:36:18.600, Tesla PG503-216, 24 %, 9 %, 4346 MiB, 48
2026/04/16 00:36:19.600, Tesla PG503-216, 25 %, 9 %, 4346 MiB, 46
2026/04/16 00:36:20.601, Tesla PG503-216, 40 %, 15 %, 4346 MiB, 46
2026/04/16 00:36:21.601, Tesla PG503-216, 22 %, 8 %, 4346 MiB, 48
2026/04/16 00:36:22.602, Tesla PG503-216, 16 %, 5 %, 4346 MiB, 46
2026/04/16 00:36:23.602, Tesla PG503-216, 17 %, 6 %, 4346 MiB, 46
2026/04/16 00:36:24.603, Tesla PG503-216, 20 %, 6 %, 4346 MiB, 45
2026/04/16 00:36:25.603, Tesla PG503-216, 43 %, 17 %, 4346 MiB, 46
2026/04/16 00:36:26.604, Tesla PG503-216, 21 %, 8 %, 4346 MiB, 47
2026/04/16 00:36:27.605, Tesla PG503-216, 37 %, 14 %, 4346 MiB, 46
2026/04/16 00:36:28.605, Tesla PG503-216, 40 %, 15 %, 4346 MiB, 46
2026/04/16 00:36:29.605, Tesla PG503-216, 11 %, 2 %, 4346 MiB, 47
2026/04/16 00:36:30.606, Tesla PG503-216, 40 %, 15 %, 4346 MiB, 46
2026/04/16 00:36:31.606, Tesla PG503-216, 39 %, 15 %, 4346 MiB, 46
2026/04/16 00:36:32.607, Tesla PG503-216, 8 %, 1 %, 4346 MiB, 47
2026/04/16 00:36:33.607, Tesla PG503-216, 11 %, 4 %, 4346 MiB, 47
2026/04/16 00:36:34.608, Tesla PG503-216, 25 %, 9 %, 4346 MiB, 46
2026/04/16 00:36:35.608, Tesla PG503-216, 41 %, 16 %, 4346 MiB, 46
2026/04/16 00:36:36.609, Tesla PG503-216, 36 %, 16 %, 4346 MiB, 46
2026/04/16 00:36:37.609, Tesla PG503-216, 26 %, 10 %, 4346 MiB, 48
2026/04/16 00:36:38.610, Tesla PG503-216, 19 %, 7 %, 4346 MiB, 47
2026/04/16 00:36:39.610, Tesla PG503-216, 31 %, 12 %, 4346 MiB, 46
2026/04/16 00:36:40.611, Tesla PG503-216, 41 %, 16 %, 4346 MiB, 46
2026/04/16 00:36:41.611, Tesla PG503-216, 35 %, 15 %, 4346 MiB, 46
2026/04/16 00:36:42.612, Tesla PG503-216, 28 %, 11 %, 4346 MiB, 46
2026/04/16 00:36:43.612, Tesla PG503-216, 29 %, 11 %, 4346 MiB, 46
2026/04/16 00:36:44.613, Tesla PG503-216, 11 %, 4 %, 4346 MiB, 47
2026/04/16 00:36:45.613, Tesla PG503-216, 19 %, 7 %, 4346 MiB, 46
2026/04/16 00:36:46.614, Tesla PG503-216, 6 %, 0 %, 4346 MiB, 48
2026/04/16 00:36:47.614, Tesla PG503-216, 30 %, 11 %, 4346 MiB, 47
2026/04/16 00:36:48.615, Tesla PG503-216, 41 %, 16 %, 4346 MiB, 46
2026/04/16 00:36:49.615, Tesla PG503-216, 41 %, 16 %, 4346 MiB, 46
2026/04/16 00:36:50.616, Tesla PG503-216, 23 %, 9 %, 4346 MiB, 46
2026/04/16 00:36:51.616, Tesla PG503-216, 33 %, 13 %, 4346 MiB, 47
2026/04/16 00:36:52.617, Tesla PG503-216, 35 %, 13 %, 4346 MiB, 47
2026/04/16 00:36:53.617, Tesla PG503-216, 40 %, 16 %, 4346 MiB, 47
2026/04/16 00:36:54.617, Tesla PG503-216, 38 %, 14 %, 4346 MiB, 46
2026/04/16 00:36:55.618, Tesla PG503-216, 36 %, 16 %, 4346 MiB, 46
2026/04/16 00:36:56.618, Tesla PG503-216, 37 %, 15 %, 4346 MiB, 46
2026/04/16 00:36:57.619, Tesla PG503-216, 17 %, 6 %, 4346 MiB, 46
2026/04/16 00:36:58.619, Tesla PG503-216, 12 %, 3 %, 4346 MiB, 46
2026/04/16 00:36:59.620, Tesla PG503-216, 22 %, 8 %, 4346 MiB, 48
2026/04/16 00:37:00.620, Tesla PG503-216, 51 %, 18 %, 4346 MiB, 47
2026/04/16 00:37:01.621, Tesla PG503-216, 41 %, 16 %, 4346 MiB, 46
2026/04/16 00:37:02.621, Tesla PG503-216, 28 %, 11 %, 4346 MiB, 46
2026/04/16 00:37:03.622, Tesla PG503-216, 18 %, 7 %, 4346 MiB, 46
2026/04/16 00:37:04.622, Tesla PG503-216, 41 %, 16 %, 4346 MiB, 46
2026/04/16 00:37:05.623, Tesla PG503-216, 9 %, 2 %, 4346 MiB, 46
2026/04/16 00:37:06.623, Tesla PG503-216, 34 %, 13 %, 4346 MiB, 46
2026/04/16 00:37:07.624, Tesla PG503-216, 41 %, 16 %, 4346 MiB, 46
2026/04/16 00:37:08.624, Tesla PG503-216, 40 %, 15 %, 4346 MiB, 47
2026/04/16 00:37:09.625, Tesla PG503-216, 39 %, 15 %, 4346 MiB, 46
2026/04/16 00:37:10.625, Tesla PG503-216, 23 %, 8 %, 4346 MiB, 46
2026/04/16 00:37:11.626, Tesla PG503-216, 41 %, 16 %, 4346 MiB, 46
2026/04/16 00:37:12.626, Tesla PG503-216, 14 %, 5 %, 4346 MiB, 46
2026/04/16 00:37:13.627, Tesla PG503-216, 14 %, 5 %, 4346 MiB, 46
2026/04/16 00:37:14.627, Tesla PG503-216, 35 %, 15 %, 4346 MiB, 46
2026/04/16 00:37:15.627, Tesla PG503-216, 11 %, 2 %, 4346 MiB, 47
2026/04/16 00:37:16.628, Tesla PG503-216, 41 %, 16 %, 4346 MiB, 46
2026/04/16 00:37:17.628, Tesla PG503-216, 39 %, 16 %, 4346 MiB, 47
2026/04/16 00:37:18.629, Tesla PG503-216, 10 %, 2 %, 4346 MiB, 48
2026/04/16 00:37:19.629, Tesla PG503-216, 32 %, 12 %, 4346 MiB, 46
2026/04/16 00:37:20.630, Tesla PG503-216, 41 %, 16 %, 4346 MiB, 46
2026/04/16 00:37:21.630, Tesla PG503-216, 22 %, 8 %, 4346 MiB, 48
2026/04/16 00:37:22.631, Tesla PG503-216, 23 %, 9 %, 4346 MiB, 47
2026/04/16 00:37:23.631, Tesla PG503-216, 42 %, 16 %, 4346 MiB, 46
2026/04/16 00:37:24.632, Tesla PG503-216, 40 %, 15 %, 4346 MiB, 46
2026/04/16 00:37:25.632, Tesla PG503-216, 40 %, 16 %, 4346 MiB, 46
2026/04/16 00:37:26.633, Tesla PG503-216, 23 %, 9 %, 4346 MiB, 48
2026/04/16 00:37:27.633, Tesla PG503-216, 9 %, 2 %, 4346 MiB, 48
2026/04/16 00:37:28.633, Tesla PG503-216, 40 %, 15 %, 4346 MiB, 46
2026/04/16 00:37:29.634, Tesla PG503-216, 8 %, 2 %, 4346 MiB, 48
2026/04/16 00:37:30.634, Tesla PG503-216, 42 %, 16 %, 4346 MiB, 46
2026/04/16 00:37:31.635, Tesla PG503-216, 41 %, 16 %, 4346 MiB, 46
2026/04/16 00:37:32.635, Tesla PG503-216, 40 %, 15 %, 4346 MiB, 46
2026/04/16 00:37:33.636, Tesla PG503-216, 26 %, 10 %, 4346 MiB, 46
2026/04/16 00:37:34.637, Tesla PG503-216, 6 %, 1 %, 4346 MiB, 48
2026/04/16 00:37:35.637, Tesla PG503-216, 4 %, 0 %, 4346 MiB, 46
2026/04/16 00:37:36.638, Tesla PG503-216, 10 %, 3 %, 4346 MiB, 48
2026/04/16 00:37:37.638, Tesla PG503-216, 15 %, 5 %, 4346 MiB, 47
2026/04/16 00:37:38.639, Tesla PG503-216, 41 %, 16 %, 4346 MiB, 47
2026/04/16 00:37:39.639, Tesla PG503-216, 41 %, 16 %, 4346 MiB, 46
2026/04/16 00:37:40.640, Tesla PG503-216, 41 %, 16 %, 4346 MiB, 46
2026/04/16 00:37:41.640, Tesla PG503-216, 25 %, 10 %, 4346 MiB, 46
2026/04/16 00:37:42.641, Tesla PG503-216, 38 %, 15 %, 4346 MiB, 47
2026/04/16 00:37:43.641, Tesla PG503-216, 39 %, 15 %, 4346 MiB, 47
2026/04/16 00:37:44.642, Tesla PG503-216, 39 %, 15 %, 4346 MiB, 47
2026/04/16 00:37:45.642, Tesla PG503-216, 42 %, 16 %, 4346 MiB, 46
2026/04/16 00:37:46.643, Tesla PG503-216, 16 %, 5 %, 4346 MiB, 46
2026/04/16 00:37:47.643, Tesla PG503-216, 40 %, 16 %, 4346 MiB, 47
2026/04/16 00:37:48.643, Tesla PG503-216, 41 %, 16 %, 4346 MiB, 46
2026/04/16 00:37:49.644, Tesla PG503-216, 40 %, 15 %, 4346 MiB, 46
2026/04/16 00:37:50.644, Tesla PG503-216, 33 %, 14 %, 4346 MiB, 46
2026/04/16 00:37:51.645, Tesla PG503-216, 40 %, 15 %, 4346 MiB, 48
2026/04/16 00:37:52.645, Tesla PG503-216, 29 %, 11 %, 4346 MiB, 46
2026/04/16 00:37:53.646, Tesla PG503-216, 41 %, 16 %, 4346 MiB, 48
2026/04/16 00:37:54.646, Tesla PG503-216, 42 %, 16 %, 4346 MiB, 48
2026/04/16 00:37:55.647, Tesla PG503-216, 39 %, 16 %, 4346 MiB, 48
2026/04/16 00:37:56.647, Tesla PG503-216, 14 %, 5 %, 4346 MiB, 46
2026/04/16 00:37:57.648, Tesla PG503-216, 25 %, 10 %, 4346 MiB, 46
2026/04/16 00:37:58.648, Tesla PG503-216, 41 %, 16 %, 4346 MiB, 46
2026/04/16 00:37:59.649, Tesla PG503-216, 30 %, 12 %, 4346 MiB, 47
2026/04/16 00:38:00.649, Tesla PG503-216, 5 %, 0 %, 4346 MiB, 46
2026/04/16 00:38:01.650, Tesla PG503-216, 17 %, 6 %, 4346 MiB, 46
2026/04/16 00:38:02.650, Tesla PG503-216, 21 %, 6 %, 4346 MiB, 45
2026/04/16 00:38:03.650, Tesla PG503-216, 32 %, 13 %, 4346 MiB, 47
2026/04/16 00:38:04.651, Tesla PG503-216, 38 %, 15 %, 4346 MiB, 46
2026/04/16 00:38:05.651, Tesla PG503-216, 40 %, 16 %, 4346 MiB, 47
2026/04/16 00:38:06.652, Tesla PG503-216, 29 %, 11 %, 4346 MiB, 46
2026/04/16 00:38:07.652, Tesla PG503-216, 32 %, 13 %, 4346 MiB, 48
2026/04/16 00:38:08.653, Tesla PG503-216, 34 %, 13 %, 4346 MiB, 46
2026/04/16 00:38:09.653, Tesla PG503-216, 27 %, 10 %, 4346 MiB, 46
2026/04/16 00:38:10.654, Tesla PG503-216, 40 %, 15 %, 4346 MiB, 46
2026/04/16 00:38:11.655, Tesla PG503-216, 24 %, 9 %, 4346 MiB, 48
2026/04/16 00:38:12.655, Tesla PG503-216, 21 %, 8 %, 4346 MiB, 48
2026/04/16 00:38:13.656, Tesla PG503-216, 8 %, 1 %, 4346 MiB, 47
2026/04/16 00:38:14.656, Tesla PG503-216, 38 %, 15 %, 4346 MiB, 46
2026/04/16 00:38:15.656, Tesla PG503-216, 30 %, 12 %, 4346 MiB, 46
2026/04/16 00:38:16.657, Tesla PG503-216, 23 %, 9 %, 4346 MiB, 46
2026/04/16 00:38:17.658, Tesla PG503-216, 4 %, 1 %, 4346 MiB, 46
2026/04/16 00:38:18.658, Tesla PG503-216, 20 %, 8 %, 4346 MiB, 47
2026/04/16 00:38:19.658, Tesla PG503-216, 37 %, 14 %, 4346 MiB, 47
2026/04/16 00:38:20.659, Tesla PG503-216, 41 %, 16 %, 4346 MiB, 47
2026/04/16 00:38:21.659, Tesla PG503-216, 41 %, 16 %, 4346 MiB, 46
2026/04/16 00:38:22.660, Tesla PG503-216, 13 %, 5 %, 4346 MiB, 46
2026/04/16 00:38:23.660, Tesla PG503-216, 41 %, 16 %, 4346 MiB, 46
2026/04/16 00:38:24.661, Tesla PG503-216, 22 %, 8 %, 4346 MiB, 46
2026/04/16 00:38:25.661, Tesla PG503-216, 40 %, 16 %, 4346 MiB, 47
2026/04/16 00:38:26.661, Tesla PG503-216, 40 %, 16 %, 4346 MiB, 46
2026/04/16 00:38:27.662, Tesla PG503-216, 41 %, 16 %, 4346 MiB, 47
2026/04/16 00:38:28.663, Tesla PG503-216, 38 %, 16 %, 4346 MiB, 46
2026/04/16 00:38:29.663, Tesla PG503-216, 42 %, 16 %, 4346 MiB, 47
2026/04/16 00:38:30.664, Tesla PG503-216, 38 %, 16 %, 4346 MiB, 46
2026/04/16 00:38:31.664, Tesla PG503-216, 21 %, 8 %, 4346 MiB, 47
2026/04/16 00:38:32.664, Tesla PG503-216, 41 %, 16 %, 4346 MiB, 47
2026/04/16 00:38:33.665, Tesla PG503-216, 41 %, 17 %, 4346 MiB, 46
2026/04/16 00:38:34.665, Tesla PG503-216, 14 %, 5 %, 4346 MiB, 46
2026/04/16 00:38:35.666, Tesla PG503-216, 35 %, 15 %, 4346 MiB, 47
2026/04/16 00:38:36.666, Tesla PG503-216, 13 %, 4 %, 4346 MiB, 46
2026/04/16 00:38:37.667, Tesla PG503-216, 34 %, 13 %, 4346 MiB, 46
2026/04/16 00:38:38.667, Tesla PG503-216, 41 %, 16 %, 4346 MiB, 48
2026/04/16 00:38:39.667, Tesla PG503-216, 40 %, 16 %, 4346 MiB, 48
2026/04/16 00:38:40.668, Tesla PG503-216, 36 %, 16 %, 4346 MiB, 47
2026/04/16 00:38:41.668, Tesla PG503-216, 26 %, 10 %, 4346 MiB, 46
2026/04/16 00:38:42.669, Tesla PG503-216, 40 %, 15 %, 4346 MiB, 48
2026/04/16 00:38:43.669, Tesla PG503-216, 10 %, 3 %, 4346 MiB, 46
2026/04/16 00:38:44.670, Tesla PG503-216, 33 %, 14 %, 4346 MiB, 47
2026/04/16 00:38:45.670, Tesla PG503-216, 23 %, 9 %, 4346 MiB, 46
2026/04/16 00:38:46.671, Tesla PG503-216, 40 %, 16 %, 4346 MiB, 46
2026/04/16 00:38:47.671, Tesla PG503-216, 40 %, 16 %, 4346 MiB, 48
2026/04/16 00:38:48.672, Tesla PG503-216, 7 %, 1 %, 4346 MiB, 46
2026/04/16 00:38:49.672, Tesla PG503-216, 7 %, 2 %, 4346 MiB, 46
2026/04/16 00:38:50.673, Tesla PG503-216, 17 %, 6 %, 4346 MiB, 45
2026/04/16 00:38:51.673, Tesla PG503-216, 41 %, 16 %, 4346 MiB, 46
2026/04/16 00:38:52.674, Tesla PG503-216, 24 %, 10 %, 4346 MiB, 48
2026/04/16 00:38:53.674, Tesla PG503-216, 21 %, 8 %, 4346 MiB, 46
2026/04/16 00:38:54.675, Tesla PG503-216, 41 %, 16 %, 4346 MiB, 46
2026/04/16 00:38:55.675, Tesla PG503-216, 38 %, 15 %, 4346 MiB, 46
2026/04/16 00:38:56.675, Tesla PG503-216, 10 %, 2 %, 4346 MiB, 47
2026/04/16 00:38:57.676, Tesla PG503-216, 13 %, 6 %, 4346 MiB, 48
2026/04/16 00:38:58.676, Tesla PG503-216, 4 %, 0 %, 4346 MiB, 47
2026/04/16 00:38:59.677, Tesla PG503-216, 6 %, 0 %, 4346 MiB, 47
2026/04/16 00:39:00.677, Tesla PG503-216, 40 %, 16 %, 4346 MiB, 46
2026/04/16 00:39:01.678, Tesla PG503-216, 22 %, 9 %, 4346 MiB, 48
2026/04/16 00:39:02.678, Tesla PG503-216, 31 %, 12 %, 4346 MiB, 46
2026/04/16 00:39:03.679, Tesla PG503-216, 39 %, 16 %, 4346 MiB, 46
2026/04/16 00:39:04.679, Tesla PG503-216, 8 %, 2 %, 4346 MiB, 48
2026/04/16 00:39:05.680, Tesla PG503-216, 13 %, 4 %, 4346 MiB, 47
2026/04/16 00:39:06.680, Tesla PG503-216, 37 %, 15 %, 4346 MiB, 46
2026/04/16 00:39:07.681, Tesla PG503-216, 41 %, 16 %, 4346 MiB, 46
2026/04/16 00:39:08.681, Tesla PG503-216, 39 %, 16 %, 4346 MiB, 46
2026/04/16 00:39:09.682, Tesla PG503-216, 21 %, 8 %, 4346 MiB, 47
2026/04/16 00:39:10.682, Tesla PG503-216, 40 %, 16 %, 4346 MiB, 46
2026/04/16 00:39:11.683, Tesla PG503-216, 37 %, 14 %, 4346 MiB, 46
2026/04/16 00:39:12.683, Tesla PG503-216, 18 %, 7 %, 4346 MiB, 46
2026/04/16 00:39:13.684, Tesla PG503-216, 39 %, 15 %, 4346 MiB, 46
2026/04/16 00:39:14.684, Tesla PG503-216, 41 %, 16 %, 4346 MiB, 46
2026/04/16 00:39:15.684, Tesla PG503-216, 40 %, 16 %, 4346 MiB, 46
2026/04/16 00:39:16.685, Tesla PG503-216, 9 %, 3 %, 4346 MiB, 47
2026/04/16 00:39:17.685, Tesla PG503-216, 29 %, 11 %, 4346 MiB, 47
2026/04/16 00:39:18.686, Tesla PG503-216, 40 %, 15 %, 4346 MiB, 46
2026/04/16 00:39:19.686, Tesla PG503-216, 40 %, 15 %, 4346 MiB, 46
2026/04/16 00:39:20.687, Tesla PG503-216, 7 %, 1 %, 4346 MiB, 47
2026/04/16 00:39:21.687, Tesla PG503-216, 40 %, 15 %, 4346 MiB, 47
2026/04/16 00:39:22.688, Tesla PG503-216, 21 %, 8 %, 4346 MiB, 46
2026/04/16 00:39:23.688, Tesla PG503-216, 41 %, 16 %, 4346 MiB, 48
2026/04/16 00:39:24.689, Tesla PG503-216, 14 %, 6 %, 4346 MiB, 47
2026/04/16 00:39:25.689, Tesla PG503-216, 29 %, 11 %, 4346 MiB, 47
2026/04/16 00:39:26.690, Tesla PG503-216, 18 %, 7 %, 4346 MiB, 46
2026/04/16 00:39:27.690, Tesla PG503-216, 40 %, 15 %, 4346 MiB, 46
2026/04/16 00:39:28.691, Tesla PG503-216, 41 %, 16 %, 4346 MiB, 48
2026/04/16 00:39:29.691, Tesla PG503-216, 21 %, 8 %, 4346 MiB, 47
2026/04/16 00:39:30.692, Tesla PG503-216, 11 %, 3 %, 4346 MiB, 46
2026/04/16 00:39:31.692, Tesla PG503-216, 41 %, 16 %, 4346 MiB, 47
2026/04/16 00:39:32.692, Tesla PG503-216, 30 %, 12 %, 4346 MiB, 46
2026/04/16 00:39:33.693, Tesla PG503-216, 42 %, 16 %, 4346 MiB, 46
2026/04/16 00:39:34.693, Tesla PG503-216, 39 %, 15 %, 4346 MiB, 46
2026/04/16 00:39:35.694, Tesla PG503-216, 11 %, 4 %, 4346 MiB, 47
2026/04/16 00:39:36.694, Tesla PG503-216, 4 %, 0 %, 4346 MiB, 47
2026/04/16 00:39:37.695, Tesla PG503-216, 16 %, 6 %, 4346 MiB, 47
2026/04/16 00:39:38.695, Tesla PG503-216, 11 %, 6 %, 4346 MiB, 46
2026/04/16 00:39:39.695, Tesla PG503-216, 12 %, 4 %, 4346 MiB, 46
2026/04/16 00:39:40.696, Tesla PG503-216, 37 %, 14 %, 4346 MiB, 46
2026/04/16 00:39:41.696, Tesla PG503-216, 39 %, 16 %, 4346 MiB, 46
2026/04/16 00:39:42.697, Tesla PG503-216, 20 %, 7 %, 4346 MiB, 48
2026/04/16 00:39:43.697, Tesla PG503-216, 41 %, 16 %, 4346 MiB, 46
2026/04/16 00:39:44.698, Tesla PG503-216, 40 %, 15 %, 4346 MiB, 46
2026/04/16 00:39:45.698, Tesla PG503-216, 13 %, 5 %, 4346 MiB, 48
2026/04/16 00:39:46.699, Tesla PG503-216, 24 %, 9 %, 4346 MiB, 47
2026/04/16 00:39:47.699, Tesla PG503-216, 2 %, 0 %, 4346 MiB, 47
2026/04/16 00:39:48.699, Tesla PG503-216, 7 %, 2 %, 4346 MiB, 47
2026/04/16 00:39:49.700, Tesla PG503-216, 14 %, 5 %, 4346 MiB, 47
2026/04/16 00:39:50.700, Tesla PG503-216, 39 %, 15 %, 4346 MiB, 46
2026/04/16 00:39:51.701, Tesla PG503-216, 42 %, 16 %, 4346 MiB, 46
2026/04/16 00:39:52.701, Tesla PG503-216, 24 %, 9 %, 4346 MiB, 46
2026/04/16 00:39:53.702, Tesla PG503-216, 16 %, 6 %, 4346 MiB, 46
2026/04/16 00:39:54.702, Tesla PG503-216, 5 %, 1 %, 4346 MiB, 47
2026/04/16 00:39:55.703, Tesla PG503-216, 42 %, 16 %, 4346 MiB, 46
2026/04/16 00:39:56.703, Tesla PG503-216, 38 %, 16 %, 4346 MiB, 46
2026/04/16 00:39:57.704, Tesla PG503-216, 16 %, 6 %, 4346 MiB, 46
2026/04/16 00:39:58.704, Tesla PG503-216, 37 %, 15 %, 4346 MiB, 46
2026/04/16 00:39:59.705, Tesla PG503-216, 12 %, 5 %, 4346 MiB, 46
2026/04/16 00:40:00.705, Tesla PG503-216, 10 %, 3 %, 4346 MiB, 48
2026/04/16 00:40:01.706, Tesla PG503-216, 37 %, 14 %, 4346 MiB, 46
2026/04/16 00:40:02.706, Tesla PG503-216, 6 %, 1 %, 4346 MiB, 47
2026/04/16 00:40:03.707, Tesla PG503-216, 40 %, 16 %, 4346 MiB, 47
2026/04/16 00:40:04.707, Tesla PG503-216, 33 %, 14 %, 4346 MiB, 46
2026/04/16 00:40:05.708, Tesla PG503-216, 22 %, 8 %, 4346 MiB, 48
2026/04/16 00:40:06.708, Tesla PG503-216, 40 %, 16 %, 4346 MiB, 46
2026/04/16 00:40:07.708, Tesla PG503-216, 14 %, 3 %, 4346 MiB, 46
2026/04/16 00:40:08.709, Tesla PG503-216, 34 %, 13 %, 4346 MiB, 48
2026/04/16 00:40:09.709, Tesla PG503-216, 41 %, 16 %, 4346 MiB, 46
2026/04/16 00:40:10.710, Tesla PG503-216, 33 %, 13 %, 4346 MiB, 48
2026/04/16 00:40:11.710, Tesla PG503-216, 41 %, 16 %, 4346 MiB, 47
2026/04/16 00:40:12.711, Tesla PG503-216, 41 %, 16 %, 4346 MiB, 46
2026/04/16 00:40:13.711, Tesla PG503-216, 27 %, 11 %, 4346 MiB, 46
2026/04/16 00:40:14.712, Tesla PG503-216, 7 %, 0 %, 4346 MiB, 46
2026/04/16 00:40:15.712, Tesla PG503-216, 42 %, 16 %, 4346 MiB, 48
2026/04/16 00:40:16.713, Tesla PG503-216, 27 %, 10 %, 4346 MiB, 47
2026/04/16 00:40:17.713, Tesla PG503-216, 8 %, 1 %, 4346 MiB, 46
2026/04/16 00:40:18.714, Tesla PG503-216, 39 %, 16 %, 4346 MiB, 46
2026/04/16 00:40:19.714, Tesla PG503-216, 35 %, 13 %, 4346 MiB, 46
2026/04/16 00:40:20.715, Tesla PG503-216, 11 %, 4 %, 4346 MiB, 48
2026/04/16 00:40:21.715, Tesla PG503-216, 25 %, 10 %, 4346 MiB, 47
2026/04/16 00:40:22.716, Tesla PG503-216, 11 %, 4 %, 4346 MiB, 46
2026/04/16 00:40:23.716, Tesla PG503-216, 40 %, 15 %, 4346 MiB, 46
2026/04/16 00:40:24.717, Tesla PG503-216, 41 %, 16 %, 4346 MiB, 46
2026/04/16 00:40:25.717, Tesla PG503-216, 41 %, 16 %, 4346 MiB, 46
2026/04/16 00:40:26.718, Tesla PG503-216, 40 %, 16 %, 4346 MiB, 46
2026/04/16 00:40:27.718, Tesla PG503-216, 16 %, 5 %, 4346 MiB, 46
2026/04/16 00:40:28.719, Tesla PG503-216, 17 %, 6 %, 4346 MiB, 47
2026/04/16 00:40:29.719, Tesla PG503-216, 38 %, 15 %, 4346 MiB, 46
2026/04/16 00:40:30.720, Tesla PG503-216, 40 %, 16 %, 4346 MiB, 46
2026/04/16 00:40:31.720, Tesla PG503-216, 36 %, 15 %, 4346 MiB, 46
2026/04/16 00:40:32.721, Tesla PG503-216, 32 %, 13 %, 4346 MiB, 46
2026/04/16 00:40:33.722, Tesla PG503-216, 7 %, 2 %, 4346 MiB, 47
2026/04/16 00:40:34.722, Tesla PG503-216, 39 %, 15 %, 4346 MiB, 46
2026/04/16 00:40:35.723, Tesla PG503-216, 41 %, 16 %, 4346 MiB, 46
2026/04/16 00:40:36.723, Tesla PG503-216, 41 %, 16 %, 4346 MiB, 46
2026/04/16 00:40:37.724, Tesla PG503-216, 38 %, 16 %, 4346 MiB, 46
2026/04/16 00:40:38.724, Tesla PG503-216, 36 %, 15 %, 4346 MiB, 46
2026/04/16 00:40:39.725, Tesla PG503-216, 40 %, 15 %, 4346 MiB, 46
2026/04/16 00:40:40.725, Tesla PG503-216, 39 %, 16 %, 4346 MiB, 46
2026/04/16 00:40:41.726, Tesla PG503-216, 11 %, 4 %, 4346 MiB, 47
2026/04/16 00:40:42.727, Tesla PG503-216, 19 %, 7 %, 4346 MiB, 47
2026/04/16 00:40:43.727, Tesla PG503-216, 40 %, 15 %, 4346 MiB, 46
2026/04/16 00:40:44.728, Tesla PG503-216, 41 %, 16 %, 4346 MiB, 46
2026/04/16 00:40:45.728, Tesla PG503-216, 5 %, 0 %, 4346 MiB, 47
2026/04/16 00:40:46.728, Tesla PG503-216, 18 %, 7 %, 4346 MiB, 47
2026/04/16 00:40:47.729, Tesla PG503-216, 31 %, 12 %, 4346 MiB, 47
2026/04/16 00:40:48.729, Tesla PG503-216, 35 %, 14 %, 4346 MiB, 46
2026/04/16 00:40:49.730, Tesla PG503-216, 11 %, 4 %, 4346 MiB, 47
2026/04/16 00:40:50.730, Tesla PG503-216, 40 %, 15 %, 4346 MiB, 46
2026/04/16 00:40:51.731, Tesla PG503-216, 15 %, 6 %, 4346 MiB, 46
2026/04/16 00:40:52.731, Tesla PG503-216, 29 %, 11 %, 4346 MiB, 48
2026/04/16 00:40:53.732, Tesla PG503-216, 40 %, 15 %, 4346 MiB, 46
2026/04/16 00:40:54.732, Tesla PG503-216, 42 %, 16 %, 4346 MiB, 46
2026/04/16 00:40:55.733, Tesla PG503-216, 42 %, 16 %, 4346 MiB, 46
2026/04/16 00:40:56.733, Tesla PG503-216, 7 %, 1 %, 4346 MiB, 46
2026/04/16 00:40:57.734, Tesla PG503-216, 40 %, 16 %, 4346 MiB, 47
2026/04/16 00:40:58.734, Tesla PG503-216, 24 %, 9 %, 4346 MiB, 46
2026/04/16 00:40:59.734, Tesla PG503-216, 39 %, 15 %, 4346 MiB, 48
2026/04/16 00:41:00.735, Tesla PG503-216, 26 %, 10 %, 4346 MiB, 46
2026/04/16 00:41:01.735, Tesla PG503-216, 37 %, 16 %, 4346 MiB, 48
2026/04/16 00:41:02.736, Tesla PG503-216, 7 %, 1 %, 4346 MiB, 46
2026/04/16 00:41:03.736, Tesla PG503-216, 13 %, 5 %, 4346 MiB, 46
2026/04/16 00:41:04.737, Tesla PG503-216, 20 %, 8 %, 4346 MiB, 46
2026/04/16 00:41:05.737, Tesla PG503-216, 43 %, 17 %, 4346 MiB, 46
2026/04/16 00:41:06.737, Tesla PG503-216, 40 %, 15 %, 4346 MiB, 47
2026/04/16 00:41:07.738, Tesla PG503-216, 32 %, 13 %, 4346 MiB, 47
2026/04/16 00:41:08.738, Tesla PG503-216, 5 %, 0 %, 4346 MiB, 46
2026/04/16 00:41:09.739, Tesla PG503-216, 39 %, 15 %, 4346 MiB, 47
2026/04/16 00:41:10.739, Tesla PG503-216, 4 %, 0 %, 4346 MiB, 46
2026/04/16 00:41:11.740, Tesla PG503-216, 14 %, 5 %, 4346 MiB, 46
2026/04/16 00:41:12.740, Tesla PG503-216, 36 %, 14 %, 4346 MiB, 48
2026/04/16 00:41:13.741, Tesla PG503-216, 21 %, 8 %, 4346 MiB, 47
2026/04/16 00:41:14.741, Tesla PG503-216, 36 %, 14 %, 4346 MiB, 46
2026/04/16 00:41:15.742, Tesla PG503-216, 14 %, 5 %, 4346 MiB, 46
2026/04/16 00:41:16.742, Tesla PG503-216, 16 %, 6 %, 4346 MiB, 45
2026/04/16 00:41:17.743, Tesla PG503-216, 2 %, 0 %, 4346 MiB, 47
2026/04/16 00:41:18.743, Tesla PG503-216, 5 %, 0 %, 4346 MiB, 47
2026/04/16 00:41:19.744, Tesla PG503-216, 18 %, 7 %, 4346 MiB, 46
2026/04/16 00:41:20.744, Tesla PG503-216, 40 %, 15 %, 4346 MiB, 46
2026/04/16 00:41:21.744, Tesla PG503-216, 31 %, 13 %, 4346 MiB, 48
2026/04/16 00:41:22.745, Tesla PG503-216, 9 %, 2 %, 4346 MiB, 46
2026/04/16 00:41:23.745, Tesla PG503-216, 28 %, 11 %, 4346 MiB, 46
2026/04/16 00:41:24.746, Tesla PG503-216, 40 %, 15 %, 4346 MiB, 46
2026/04/16 00:41:25.746, Tesla PG503-216, 38 %, 16 %, 4346 MiB, 46
2026/04/16 00:41:26.747, Tesla PG503-216, 17 %, 6 %, 4346 MiB, 48
2026/04/16 00:41:27.747, Tesla PG503-216, 23 %, 9 %, 4346 MiB, 46
2026/04/16 00:41:28.748, Tesla PG503-216, 42 %, 16 %, 4346 MiB, 46
2026/04/16 00:41:29.748, Tesla PG503-216, 11 %, 4 %, 4346 MiB, 47
2026/04/16 00:41:30.749, Tesla PG503-216, 37 %, 14 %, 4346 MiB, 46
2026/04/16 00:41:31.749, Tesla PG503-216, 14 %, 5 %, 4346 MiB, 48
2026/04/16 00:41:32.750, Tesla PG503-216, 35 %, 14 %, 4346 MiB, 46
2026/04/16 00:41:33.750, Tesla PG503-216, 41 %, 16 %, 4346 MiB, 46
2026/04/16 00:41:34.751, Tesla PG503-216, 41 %, 16 %, 4346 MiB, 46
2026/04/16 00:41:35.754, Tesla PG503-216, 16 %, 6 %, 4346 MiB, 47
2026/04/16 00:41:36.755, Tesla PG503-216, 38 %, 15 %, 4346 MiB, 47
2026/04/16 00:41:37.755, Tesla PG503-216, 30 %, 12 %, 4346 MiB, 46
2026/04/16 00:41:38.756, Tesla PG503-216, 20 %, 8 %, 4346 MiB, 46
2026/04/16 00:41:39.756, Tesla PG503-216, 6 %, 0 %, 4346 MiB, 47
2026/04/16 00:41:40.757, Tesla PG503-216, 42 %, 16 %, 4346 MiB, 47
2026/04/16 00:41:41.757, Tesla PG503-216, 41 %, 16 %, 4346 MiB, 47
2026/04/16 00:41:42.758, Tesla PG503-216, 41 %, 16 %, 4346 MiB, 46
2026/04/16 00:41:43.758, Tesla PG503-216, 21 %, 8 %, 4346 MiB, 46
2026/04/16 00:41:44.759, Tesla PG503-216, 20 %, 8 %, 4346 MiB, 47
2026/04/16 00:41:45.759, Tesla PG503-216, 42 %, 16 %, 4346 MiB, 46
2026/04/16 00:41:46.760, Tesla PG503-216, 40 %, 16 %, 4346 MiB, 47
2026/04/16 00:41:47.760, Tesla PG503-216, 3 %, 0 %, 4346 MiB, 46
2026/04/16 00:41:48.761, Tesla PG503-216, 33 %, 13 %, 4346 MiB, 46
2026/04/16 00:41:49.761, Tesla PG503-216, 41 %, 16 %, 4346 MiB, 48
2026/04/16 00:41:50.762, Tesla PG503-216, 30 %, 12 %, 4346 MiB, 46
2026/04/16 00:41:51.762, Tesla PG503-216, 14 %, 5 %, 4346 MiB, 46
2026/04/16 00:41:52.763, Tesla PG503-216, 40 %, 15 %, 4346 MiB, 46
2026/04/16 00:41:53.763, Tesla PG503-216, 42 %, 16 %, 4346 MiB, 46
2026/04/16 00:41:54.764, Tesla PG503-216, 40 %, 15 %, 4346 MiB, 46
2026/04/16 00:41:55.764, Tesla PG503-216, 32 %, 13 %, 4346 MiB, 48
2026/04/16 00:41:56.765, Tesla PG503-216, 8 %, 3 %, 4346 MiB, 47
2026/04/16 00:41:57.765, Tesla PG503-216, 30 %, 12 %, 4346 MiB, 46
2026/04/16 00:41:58.766, Tesla PG503-216, 21 %, 8 %, 4346 MiB, 47
2026/04/16 00:41:59.766, Tesla PG503-216, 34 %, 13 %, 4346 MiB, 46
2026/04/16 00:42:00.767, Tesla PG503-216, 41 %, 16 %, 4346 MiB, 47
2026/04/16 00:42:01.767, Tesla PG503-216, 39 %, 15 %, 4346 MiB, 46
2026/04/16 00:42:02.768, Tesla PG503-216, 40 %, 16 %, 4346 MiB, 46
2026/04/16 00:42:03.768, Tesla PG503-216, 35 %, 15 %, 4346 MiB, 47
2026/04/16 00:42:04.769, Tesla PG503-216, 18 %, 7 %, 4346 MiB, 46
2026/04/16 00:42:05.769, Tesla PG503-216, 11 %, 4 %, 4346 MiB, 46
2026/04/16 00:42:06.770, Tesla PG503-216, 19 %, 6 %, 4346 MiB, 45
2026/04/16 00:42:07.770, Tesla PG503-216, 41 %, 16 %, 4346 MiB, 46
2026/04/16 00:42:08.771, Tesla PG503-216, 21 %, 8 %, 4346 MiB, 47
2026/04/16 00:42:09.771, Tesla PG503-216, 35 %, 14 %, 4346 MiB, 46
2026/04/16 00:42:10.771, Tesla PG503-216, 41 %, 16 %, 4346 MiB, 46
2026/04/16 00:42:11.772, Tesla PG503-216, 13 %, 5 %, 4346 MiB, 47
2026/04/16 00:42:12.773, Tesla PG503-216, 26 %, 10 %, 4346 MiB, 46
2026/04/16 00:42:13.773, Tesla PG503-216, 35 %, 14 %, 4346 MiB, 46
2026/04/16 00:42:14.773, Tesla PG503-216, 36 %, 14 %, 4346 MiB, 46
2026/04/16 00:42:15.774, Tesla PG503-216, 11 %, 3 %, 4346 MiB, 47
2026/04/16 00:42:16.775, Tesla PG503-216, 23 %, 9 %, 4346 MiB, 46
2026/04/16 00:42:17.775, Tesla PG503-216, 41 %, 16 %, 4346 MiB, 46
2026/04/16 00:42:18.775, Tesla PG503-216, 28 %, 10 %, 4346 MiB, 47
2026/04/16 00:42:19.776, Tesla PG503-216, 33 %, 13 %, 4346 MiB, 46
2026/04/16 00:42:20.776, Tesla PG503-216, 42 %, 16 %, 4346 MiB, 46
2026/04/16 00:42:21.777, Tesla PG503-216, 41 %, 16 %, 4346 MiB, 46
2026/04/16 00:42:22.777, Tesla PG503-216, 37 %, 16 %, 4346 MiB, 46
2026/04/16 00:42:23.778, Tesla PG503-216, 7 %, 1 %, 4346 MiB, 48
2026/04/16 00:42:24.778, Tesla PG503-216, 34 %, 13 %, 4346 MiB, 46
2026/04/16 00:42:25.779, Tesla PG503-216, 33 %, 13 %, 4346 MiB, 46
2026/04/16 00:42:26.779, Tesla PG503-216, 31 %, 13 %, 4346 MiB, 46
2026/04/16 00:42:27.780, Tesla PG503-216, 40 %, 16 %, 4346 MiB, 46
2026/04/16 00:42:28.780, Tesla PG503-216, 35 %, 15 %, 4346 MiB, 46
2026/04/16 00:42:29.781, Tesla PG503-216, 30 %, 12 %, 4346 MiB, 46
2026/04/16 00:42:30.781, Tesla PG503-216, 40 %, 15 %, 4346 MiB, 46
2026/04/16 00:42:31.782, Tesla PG503-216, 5 %, 0 %, 4346 MiB, 47
2026/04/16 00:42:32.782, Tesla PG503-216, 6 %, 0 %, 4346 MiB, 47
2026/04/16 00:42:33.782, Tesla PG503-216, 40 %, 16 %, 4346 MiB, 47
2026/04/16 00:42:34.783, Tesla PG503-216, 35 %, 15 %, 4346 MiB, 46
2026/04/16 00:42:35.783, Tesla PG503-216, 2 %, 0 %, 4346 MiB, 46
2026/04/16 00:42:36.784, Tesla PG503-216, 14 %, 5 %, 4346 MiB, 47
2026/04/16 00:42:37.785, Tesla PG503-216, 31 %, 12 %, 4346 MiB, 48
2026/04/16 00:42:38.785, Tesla PG503-216, 41 %, 16 %, 4346 MiB, 47
2026/04/16 00:42:39.786, Tesla PG503-216, 41 %, 16 %, 4346 MiB, 46
2026/04/16 00:42:40.786, Tesla PG503-216, 36 %, 16 %, 4346 MiB, 46
2026/04/16 00:42:41.787, Tesla PG503-216, 38 %, 15 %, 4346 MiB, 46
2026/04/16 00:42:42.787, Tesla PG503-216, 39 %, 15 %, 4346 MiB, 48
2026/04/16 00:42:43.788, Tesla PG503-216, 6 %, 1 %, 4346 MiB, 46
2026/04/16 00:42:44.788, Tesla PG503-216, 16 %, 6 %, 4346 MiB, 46
2026/04/16 00:42:45.789, Tesla PG503-216, 19 %, 7 %, 4346 MiB, 46
2026/04/16 00:42:46.789, Tesla PG503-216, 40 %, 15 %, 4346 MiB, 46
2026/04/16 00:42:47.790, Tesla PG503-216, 41 %, 16 %, 4346 MiB, 46
2026/04/16 00:42:48.790, Tesla PG503-216, 20 %, 8 %, 4346 MiB, 48
2026/04/16 00:42:49.791, Tesla PG503-216, 3 %, 0 %, 4346 MiB, 47
2026/04/16 00:42:50.791, Tesla PG503-216, 7 %, 1 %, 4346 MiB, 47
2026/04/16 00:42:51.792, Tesla PG503-216, 41 %, 16 %, 4346 MiB, 46
2026/04/16 00:42:52.792, Tesla PG503-216, 14 %, 5 %, 4346 MiB, 48
2026/04/16 00:42:53.793, Tesla PG503-216, 13 %, 5 %, 4346 MiB, 47
2026/04/16 00:42:54.793, Tesla PG503-216, 7 %, 1 %, 4346 MiB, 46
2026/04/16 00:42:55.793, Tesla PG503-216, 17 %, 6 %, 4346 MiB, 46
2026/04/16 00:42:56.794, Tesla PG503-216, 20 %, 6 %, 4346 MiB, 45
2026/04/16 00:42:57.794, Tesla PG503-216, 40 %, 15 %, 4346 MiB, 46
2026/04/16 00:42:58.795, Tesla PG503-216, 42 %, 16 %, 4346 MiB, 46
2026/04/16 00:42:59.795, Tesla PG503-216, 33 %, 14 %, 4346 MiB, 46
2026/04/16 00:43:00.796, Tesla PG503-216, 36 %, 16 %, 4346 MiB, 46
2026/04/16 00:43:01.796, Tesla PG503-216, 9 %, 3 %, 4346 MiB, 47
2026/04/16 00:43:02.797, Tesla PG503-216, 14 %, 5 %, 4346 MiB, 47
2026/04/16 00:43:03.797, Tesla PG503-216, 39 %, 16 %, 4346 MiB, 46
2026/04/16 00:43:04.798, Tesla PG503-216, 41 %, 16 %, 4346 MiB, 46
2026/04/16 00:43:05.798, Tesla PG503-216, 26 %, 10 %, 4346 MiB, 47
2026/04/16 00:43:06.799, Tesla PG503-216, 41 %, 16 %, 4346 MiB, 46
2026/04/16 00:43:07.799, Tesla PG503-216, 40 %, 16 %, 4346 MiB, 46
2026/04/16 00:43:08.799, Tesla PG503-216, 36 %, 16 %, 4346 MiB, 46
2026/04/16 00:43:09.800, Tesla PG503-216, 11 %, 4 %, 4346 MiB, 47
2026/04/16 00:43:10.800, Tesla PG503-216, 8 %, 2 %, 4346 MiB, 47
2026/04/16 00:43:11.801, Tesla PG503-216, 41 %, 16 %, 4346 MiB, 46
2026/04/16 00:43:12.801, Tesla PG503-216, 36 %, 15 %, 4346 MiB, 46
2026/04/16 00:43:13.802, Tesla PG503-216, 29 %, 12 %, 4346 MiB, 46
2026/04/16 00:43:14.802, Tesla PG503-216, 40 %, 16 %, 4346 MiB, 47
2026/04/16 00:43:15.803, Tesla PG503-216, 39 %, 15 %, 4346 MiB, 46
2026/04/16 00:43:16.803, Tesla PG503-216, 16 %, 6 %, 4346 MiB, 48
2026/04/16 00:43:17.803, Tesla PG503-216, 41 %, 16 %, 4346 MiB, 46
2026/04/16 00:43:18.804, Tesla PG503-216, 15 %, 6 %, 4346 MiB, 46
2026/04/16 00:43:19.804, Tesla PG503-216, 14 %, 5 %, 4346 MiB, 47
2026/04/16 00:43:20.805, Tesla PG503-216, 41 %, 16 %, 4346 MiB, 47
2026/04/16 00:43:21.805, Tesla PG503-216, 41 %, 16 %, 4346 MiB, 46
2026/04/16 00:43:22.806, Tesla PG503-216, 17 %, 6 %, 4346 MiB, 46
2026/04/16 00:43:23.806, Tesla PG503-216, 40 %, 15 %, 4346 MiB, 46
2026/04/16 00:43:24.806, Tesla PG503-216, 40 %, 16 %, 4346 MiB, 46
2026/04/16 00:43:25.807, Tesla PG503-216, 5 %, 2 %, 4346 MiB, 46
2026/04/16 00:43:26.808, Tesla PG503-216, 37 %, 15 %, 4346 MiB, 48
2026/04/16 00:43:27.808, Tesla PG503-216, 31 %, 13 %, 4346 MiB, 46
2026/04/16 00:43:28.809, Tesla PG503-216, 41 %, 16 %, 4346 MiB, 48
2026/04/16 00:43:29.809, Tesla PG503-216, 17 %, 6 %, 4346 MiB, 46
2026/04/16 00:43:30.809, Tesla PG503-216, 4 %, 0 %, 4346 MiB, 46
2026/04/16 00:43:31.810, Tesla PG503-216, 24 %, 9 %, 4346 MiB, 46
2026/04/16 00:43:32.811, Tesla PG503-216, 2 %, 0 %, 4346 MiB, 46
2026/04/16 00:43:33.811, Tesla PG503-216, 40 %, 16 %, 4346 MiB, 47
2026/04/16 00:43:34.812, Tesla PG503-216, 27 %, 11 %, 4346 MiB, 47
2026/04/16 00:43:35.812, Tesla PG503-216, 13 %, 5 %, 4346 MiB, 46
2026/04/16 00:43:36.812, Tesla PG503-216, 41 %, 16 %, 4346 MiB, 46
2026/04/16 00:43:37.813, Tesla PG503-216, 23 %, 9 %, 4346 MiB, 46
2026/04/16 00:43:38.813, Tesla PG503-216, 41 %, 16 %, 4346 MiB, 46
2026/04/16 00:43:39.814, Tesla PG503-216, 42 %, 16 %, 4346 MiB, 46
2026/04/16 00:43:40.814, Tesla PG503-216, 20 %, 7 %, 4346 MiB, 47
2026/04/16 00:43:41.815, Tesla PG503-216, 34 %, 13 %, 4346 MiB, 46
2026/04/16 00:43:42.815, Tesla PG503-216, 40 %, 15 %, 4346 MiB, 46
2026/04/16 00:43:43.816, Tesla PG503-216, 16 %, 5 %, 4346 MiB, 46
2026/04/16 00:43:44.816, Tesla PG503-216, 16 %, 6 %, 4346 MiB, 46
2026/04/16 00:43:45.816, Tesla PG503-216, 22 %, 9 %, 4346 MiB, 46
2026/04/16 00:43:46.817, Tesla PG503-216, 40 %, 16 %, 4346 MiB, 46
2026/04/16 00:43:47.817, Tesla PG503-216, 17 %, 6 %, 4346 MiB, 47
2026/04/16 00:43:48.818, Tesla PG503-216, 6 %, 0 %, 4346 MiB, 47
2026/04/16 00:43:49.819, Tesla PG503-216, 37 %, 15 %, 4346 MiB, 46
2026/04/16 00:43:50.820, Tesla PG503-216, 41 %, 16 %, 4346 MiB, 46
2026/04/16 00:43:51.820, Tesla PG503-216, 40 %, 16 %, 4346 MiB, 46
2026/04/16 00:43:52.821, Tesla PG503-216, 13 %, 5 %, 4346 MiB, 47
2026/04/16 00:43:53.821, Tesla PG503-216, 40 %, 15 %, 4346 MiB, 46
2026/04/16 00:43:54.821, Tesla PG503-216, 15 %, 6 %, 4346 MiB, 46
2026/04/16 00:43:55.822, Tesla PG503-216, 38 %, 15 %, 4346 MiB, 47
2026/04/16 00:43:56.822, Tesla PG503-216, 36 %, 16 %, 4346 MiB, 46
2026/04/16 00:43:57.823, Tesla PG503-216, 38 %, 15 %, 4346 MiB, 47
2026/04/16 00:43:58.823, Tesla PG503-216, 30 %, 12 %, 4346 MiB, 46
2026/04/16 00:43:59.824, Tesla PG503-216, 20 %, 8 %, 4346 MiB, 48
2026/04/16 00:44:00.824, Tesla PG503-216, 26 %, 10 %, 4346 MiB, 47
2026/04/16 00:44:01.824, Tesla PG503-216, 39 %, 15 %, 4346 MiB, 46
2026/04/16 00:44:02.825, Tesla PG503-216, 40 %, 16 %, 4346 MiB, 46
2026/04/16 00:44:03.825, Tesla PG503-216, 17 %, 7 %, 4346 MiB, 46
2026/04/16 00:44:04.826, Tesla PG503-216, 40 %, 15 %, 4346 MiB, 47
2026/04/16 00:44:05.826, Tesla PG503-216, 28 %, 11 %, 4346 MiB, 46
2026/04/16 00:44:06.830, Tesla PG503-216, 15 %, 6 %, 4346 MiB, 47
2026/04/16 00:44:07.830, Tesla PG503-216, 30 %, 12 %, 4346 MiB, 47
2026/04/16 00:44:08.831, Tesla PG503-216, 40 %, 15 %, 4346 MiB, 46
2026/04/16 00:44:09.831, Tesla PG503-216, 39 %, 16 %, 4346 MiB, 46
2026/04/16 00:44:10.832, Tesla PG503-216, 34 %, 14 %, 4346 MiB, 46
2026/04/16 00:44:11.832, Tesla PG503-216, 39 %, 15 %, 4346 MiB, 46
2026/04/16 00:44:12.833, Tesla PG503-216, 31 %, 13 %, 4346 MiB, 47
2026/04/16 00:44:13.833, Tesla PG503-216, 40 %, 15 %, 4346 MiB, 47
2026/04/16 00:44:14.833, Tesla PG503-216, 20 %, 8 %, 4346 MiB, 46
2026/04/16 00:44:15.834, Tesla PG503-216, 35 %, 14 %, 4346 MiB, 46
2026/04/16 00:44:16.834, Tesla PG503-216, 37 %, 14 %, 4346 MiB, 48
2026/04/16 00:44:17.835, Tesla PG503-216, 10 %, 4 %, 4346 MiB, 47
2026/04/16 00:44:18.835, Tesla PG503-216, 19 %, 7 %, 4346 MiB, 46
2026/04/16 00:44:19.836, Tesla PG503-216, 41 %, 16 %, 4346 MiB, 46
2026/04/16 00:44:20.836, Tesla PG503-216, 42 %, 16 %, 4346 MiB, 48
2026/04/16 00:44:21.837, Tesla PG503-216, 42 %, 16 %, 4346 MiB, 47
2026/04/16 00:44:22.837, Tesla PG503-216, 13 %, 4 %, 4346 MiB, 46
2026/04/16 00:44:23.838, Tesla PG503-216, 41 %, 16 %, 4346 MiB, 48
2026/04/16 00:44:24.838, Tesla PG503-216, 14 %, 5 %, 4346 MiB, 46
2026/04/16 00:44:25.839, Tesla PG503-216, 38 %, 15 %, 4346 MiB, 46
2026/04/16 00:44:26.839, Tesla PG503-216, 41 %, 16 %, 4346 MiB, 46
2026/04/16 00:44:27.840, Tesla PG503-216, 42 %, 16 %, 4346 MiB, 46
2026/04/16 00:44:28.840, Tesla PG503-216, 52 %, 18 %, 4346 MiB, 46
2026/04/16 00:44:29.841, Tesla PG503-216, 41 %, 16 %, 4346 MiB, 46
2026/04/16 00:44:30.841, Tesla PG503-216, 39 %, 15 %, 4346 MiB, 46
2026/04/16 00:44:31.842, Tesla PG503-216, 13 %, 4 %, 4346 MiB, 46
2026/04/16 00:44:32.842, Tesla PG503-216, 16 %, 6 %, 4346 MiB, 45
2026/04/16 00:44:33.843, Tesla PG503-216, 25 %, 10 %, 4346 MiB, 46
2026/04/16 00:44:34.843, Tesla PG503-216, 40 %, 15 %, 4346 MiB, 46
2026/04/16 00:44:35.843, Tesla PG503-216, 14 %, 5 %, 4346 MiB, 46
2026/04/16 00:44:36.844, Tesla PG503-216, 41 %, 16 %, 4346 MiB, 46
2026/04/16 00:44:37.844, Tesla PG503-216, 16 %, 6 %, 4346 MiB, 47
2026/04/16 00:44:38.845, Tesla PG503-216, 36 %, 14 %, 4346 MiB, 46
2026/04/16 00:44:39.845, Tesla PG503-216, 41 %, 16 %, 4346 MiB, 46
2026/04/16 00:44:40.846, Tesla PG503-216, 34 %, 14 %, 4346 MiB, 48
2026/04/16 00:44:41.846, Tesla PG503-216, 36 %, 14 %, 4346 MiB, 46
2026/04/16 00:44:42.847, Tesla PG503-216, 14 %, 3 %, 4346 MiB, 48
2026/04/16 00:44:43.848, Tesla PG503-216, 37 %, 14 %, 4346 MiB, 46
2026/04/16 00:44:44.848, Tesla PG503-216, 38 %, 16 %, 4346 MiB, 46
2026/04/16 00:44:45.849, Tesla PG503-216, 16 %, 6 %, 4346 MiB, 47
2026/04/16 00:44:46.849, Tesla PG503-216, 40 %, 15 %, 4346 MiB, 46
2026/04/16 00:44:47.850, Tesla PG503-216, 41 %, 16 %, 4346 MiB, 46
2026/04/16 00:44:48.850, Tesla PG503-216, 20 %, 8 %, 4346 MiB, 47
2026/04/16 00:44:49.851, Tesla PG503-216, 10 %, 3 %, 4346 MiB, 48
2026/04/16 00:44:50.851, Tesla PG503-216, 37 %, 14 %, 4346 MiB, 46
2026/04/16 00:44:51.852, Tesla PG503-216, 13 %, 5 %, 4346 MiB, 47
2026/04/16 00:44:52.852, Tesla PG503-216, 41 %, 16 %, 4346 MiB, 46
2026/04/16 00:44:53.853, Tesla PG503-216, 2 %, 0 %, 4346 MiB, 46
2026/04/16 00:44:54.853, Tesla PG503-216, 7 %, 1 %, 4346 MiB, 47
2026/04/16 00:44:55.854, Tesla PG503-216, 42 %, 16 %, 4346 MiB, 46
2026/04/16 00:44:56.854, Tesla PG503-216, 25 %, 10 %, 4346 MiB, 46
2026/04/16 00:44:57.855, Tesla PG503-216, 40 %, 16 %, 4346 MiB, 46
2026/04/16 00:44:58.855, Tesla PG503-216, 36 %, 16 %, 4346 MiB, 47
2026/04/16 00:44:59.856, Tesla PG503-216, 12 %, 4 %, 4346 MiB, 46
2026/04/16 00:45:00.856, Tesla PG503-216, 40 %, 15 %, 4346 MiB, 48
2026/04/16 00:45:01.857, Tesla PG503-216, 12 %, 4 %, 4346 MiB, 46
2026/04/16 00:45:02.857, Tesla PG503-216, 40 %, 16 %, 4346 MiB, 46
2026/04/16 00:45:03.858, Tesla PG503-216, 40 %, 16 %, 4346 MiB, 48
2026/04/16 00:45:04.858, Tesla PG503-216, 7 %, 2 %, 4346 MiB, 47
2026/04/16 00:45:05.859, Tesla PG503-216, 10 %, 3 %, 4346 MiB, 46
2026/04/16 00:45:06.859, Tesla PG503-216, 37 %, 14 %, 4346 MiB, 46
2026/04/16 00:45:07.860, Tesla PG503-216, 41 %, 16 %, 4346 MiB, 48
2026/04/16 00:45:08.860, Tesla PG503-216, 12 %, 4 %, 4346 MiB, 47
2026/04/16 00:45:09.861, Tesla PG503-216, 40 %, 15 %, 4346 MiB, 46
2026/04/16 00:45:10.861, Tesla PG503-216, 7 %, 1 %, 4346 MiB, 46
2026/04/16 00:45:11.862, Tesla PG503-216, 39 %, 15 %, 4346 MiB, 46
2026/04/16 00:45:12.862, Tesla PG503-216, 35 %, 15 %, 4346 MiB, 47
2026/04/16 00:45:13.863, Tesla PG503-216, 27 %, 10 %, 4346 MiB, 46
2026/04/16 00:45:14.863, Tesla PG503-216, 38 %, 15 %, 4348 MiB, 46
2026/04/16 00:45:15.863, Tesla PG503-216, 41 %, 16 %, 4348 MiB, 46
2026/04/16 00:45:16.864, Tesla PG503-216, 36 %, 16 %, 4348 MiB, 48
2026/04/16 00:45:17.864, Tesla PG503-216, 37 %, 15 %, 4348 MiB, 46
2026/04/16 00:45:18.865, Tesla PG503-216, 40 %, 15 %, 4348 MiB, 46
2026/04/16 00:45:19.865, Tesla PG503-216, 9 %, 2 %, 4348 MiB, 46
2026/04/16 00:45:20.866, Tesla PG503-216, 16 %, 6 %, 4348 MiB, 45
2026/04/16 00:45:21.867, Tesla PG503-216, 13 %, 4 %, 4348 MiB, 47
2026/04/16 00:45:22.867, Tesla PG503-216, 41 %, 16 %, 4348 MiB, 46
2026/04/16 00:45:23.868, Tesla PG503-216, 9 %, 2 %, 4348 MiB, 47
2026/04/16 00:45:24.868, Tesla PG503-216, 37 %, 14 %, 4348 MiB, 46
2026/04/16 00:45:25.868, Tesla PG503-216, 12 %, 4 %, 4348 MiB, 48
2026/04/16 00:45:26.869, Tesla PG503-216, 43 %, 17 %, 4348 MiB, 46
2026/04/16 00:45:27.869, Tesla PG503-216, 23 %, 8 %, 4348 MiB, 48
2026/04/16 00:45:28.870, Tesla PG503-216, 24 %, 9 %, 4348 MiB, 47
2026/04/16 00:45:29.870, Tesla PG503-216, 40 %, 15 %, 4348 MiB, 46
2026/04/16 00:45:30.871, Tesla PG503-216, 27 %, 11 %, 4348 MiB, 47
2026/04/16 00:45:31.871, Tesla PG503-216, 41 %, 16 %, 4348 MiB, 46
2026/04/16 00:45:32.872, Tesla PG503-216, 16 %, 6 %, 4348 MiB, 47
2026/04/16 00:45:33.872, Tesla PG503-216, 36 %, 14 %, 4348 MiB, 47
2026/04/16 00:45:34.873, Tesla PG503-216, 39 %, 15 %, 4348 MiB, 46
2026/04/16 00:45:35.873, Tesla PG503-216, 19 %, 7 %, 4348 MiB, 47
2026/04/16 00:45:36.874, Tesla PG503-216, 41 %, 16 %, 4348 MiB, 47
2026/04/16 00:45:37.874, Tesla PG503-216, 41 %, 16 %, 4348 MiB, 46
2026/04/16 00:45:38.875, Tesla PG503-216, 7 %, 1 %, 4348 MiB, 48
2026/04/16 00:45:39.875, Tesla PG503-216, 6 %, 1 %, 4348 MiB, 46
2026/04/16 00:45:40.876, Tesla PG503-216, 17 %, 7 %, 4348 MiB, 48
2026/04/16 00:45:41.876, Tesla PG503-216, 41 %, 16 %, 4348 MiB, 46
2026/04/16 00:45:42.877, Tesla PG503-216, 14 %, 4 %, 4348 MiB, 48
2026/04/16 00:45:43.877, Tesla PG503-216, 41 %, 16 %, 4348 MiB, 47
2026/04/16 00:45:44.878, Tesla PG503-216, 20 %, 7 %, 4348 MiB, 46
2026/04/16 00:45:45.878, Tesla PG503-216, 40 %, 15 %, 4348 MiB, 46
2026/04/16 00:45:46.878, Tesla PG503-216, 23 %, 9 %, 4348 MiB, 46
2026/04/16 00:45:47.879, Tesla PG503-216, 39 %, 15 %, 4348 MiB, 47
2026/04/16 00:45:48.879, Tesla PG503-216, 41 %, 16 %, 4348 MiB, 47
2026/04/16 00:45:49.880, Tesla PG503-216, 38 %, 15 %, 4348 MiB, 46
2026/04/16 00:45:50.880, Tesla PG503-216, 38 %, 15 %, 4348 MiB, 48
2026/04/16 00:45:51.881, Tesla PG503-216, 41 %, 16 %, 4348 MiB, 46
2026/04/16 00:45:52.881, Tesla PG503-216, 17 %, 7 %, 4348 MiB, 46
2026/04/16 00:45:53.882, Tesla PG503-216, 28 %, 10 %, 4348 MiB, 48
2026/04/16 00:45:54.882, Tesla PG503-216, 41 %, 16 %, 4348 MiB, 47
2026/04/16 00:45:55.883, Tesla PG503-216, 5 %, 0 %, 4348 MiB, 46
2026/04/16 00:45:56.883, Tesla PG503-216, 39 %, 15 %, 4348 MiB, 48
2026/04/16 00:45:57.883, Tesla PG503-216, 19 %, 7 %, 4348 MiB, 46
2026/04/16 00:45:58.884, Tesla PG503-216, 16 %, 5 %, 4348 MiB, 46
2026/04/16 00:45:59.884, Tesla PG503-216, 8 %, 1 %, 4348 MiB, 46
2026/04/16 00:46:00.885, Tesla PG503-216, 27 %, 10 %, 4348 MiB, 47
2026/04/16 00:46:01.885, Tesla PG503-216, 21 %, 8 %, 4348 MiB, 46
2026/04/16 00:46:02.886, Tesla PG503-216, 42 %, 16 %, 4348 MiB, 46
2026/04/16 00:46:03.886, Tesla PG503-216, 39 %, 15 %, 4348 MiB, 46
2026/04/16 00:46:04.887, Tesla PG503-216, 16 %, 6 %, 4348 MiB, 47
2026/04/16 00:46:05.887, Tesla PG503-216, 38 %, 15 %, 4348 MiB, 46
2026/04/16 00:46:06.888, Tesla PG503-216, 40 %, 16 %, 4348 MiB, 46
2026/04/16 00:46:07.888, Tesla PG503-216, 14 %, 5 %, 4348 MiB, 46
2026/04/16 00:46:08.889, Tesla PG503-216, 15 %, 6 %, 4348 MiB, 46
2026/04/16 00:46:09.889, Tesla PG503-216, 36 %, 15 %, 4348 MiB, 46
2026/04/16 00:46:10.890, Tesla PG503-216, 24 %, 9 %, 4348 MiB, 47
2026/04/16 00:46:11.890, Tesla PG503-216, 33 %, 13 %, 4348 MiB, 47
2026/04/16 00:46:12.891, Tesla PG503-216, 38 %, 15 %, 4348 MiB, 46
2026/04/16 00:46:13.891, Tesla PG503-216, 41 %, 16 %, 4348 MiB, 46
2026/04/16 00:46:14.891, Tesla PG503-216, 40 %, 15 %, 4348 MiB, 46
2026/04/16 00:46:15.892, Tesla PG503-216, 36 %, 16 %, 4348 MiB, 46
2026/04/16 00:46:16.892, Tesla PG503-216, 10 %, 3 %, 4348 MiB, 48
2026/04/16 00:46:17.893, Tesla PG503-216, 37 %, 15 %, 4348 MiB, 46
2026/04/16 00:46:18.893, Tesla PG503-216, 40 %, 15 %, 4348 MiB, 46
2026/04/16 00:46:19.894, Tesla PG503-216, 4 %, 1 %, 4348 MiB, 46
2026/04/16 00:46:20.894, Tesla PG503-216, 8 %, 3 %, 4348 MiB, 46
2026/04/16 00:46:21.894, Tesla PG503-216, 19 %, 7 %, 4348 MiB, 48
2026/04/16 00:46:22.895, Tesla PG503-216, 40 %, 15 %, 4348 MiB, 46
2026/04/16 00:46:23.895, Tesla PG503-216, 41 %, 16 %, 4348 MiB, 46
2026/04/16 00:46:24.896, Tesla PG503-216, 36 %, 15 %, 4348 MiB, 46
2026/04/16 00:46:25.896, Tesla PG503-216, 6 %, 0 %, 4348 MiB, 46
2026/04/16 00:46:26.897, Tesla PG503-216, 2 %, 0 %, 4348 MiB, 46
2026/04/16 00:46:27.897, Tesla PG503-216, 32 %, 13 %, 4348 MiB, 46
2026/04/16 00:46:28.898, Tesla PG503-216, 18 %, 7 %, 4348 MiB, 46
2026/04/16 00:46:29.898, Tesla PG503-216, 23 %, 9 %, 4348 MiB, 48
2026/04/16 00:46:30.898, Tesla PG503-216, 4 %, 0 %, 4348 MiB, 46
2026/04/16 00:46:31.899, Tesla PG503-216, 30 %, 12 %, 4348 MiB, 48
2026/04/16 00:46:32.899, Tesla PG503-216, 41 %, 16 %, 4348 MiB, 46
2026/04/16 00:46:33.900, Tesla PG503-216, 36 %, 16 %, 4348 MiB, 46
2026/04/16 00:46:34.900, Tesla PG503-216, 13 %, 5 %, 4348 MiB, 47
2026/04/16 00:46:35.900, Tesla PG503-216, 41 %, 16 %, 4348 MiB, 47
2026/04/16 00:46:36.901, Tesla PG503-216, 29 %, 12 %, 4348 MiB, 47
2026/04/16 00:46:37.901, Tesla PG503-216, 1 %, 0 %, 4348 MiB, 46
2026/04/16 00:46:38.902, Tesla PG503-216, 17 %, 6 %, 4348 MiB, 46
2026/04/16 00:46:39.902, Tesla PG503-216, 22 %, 9 %, 4348 MiB, 46
2026/04/16 00:46:40.903, Tesla PG503-216, 41 %, 16 %, 4348 MiB, 48
2026/04/16 00:46:41.903, Tesla PG503-216, 25 %, 10 %, 4348 MiB, 47
2026/04/16 00:46:42.904, Tesla PG503-216, 30 %, 12 %, 4348 MiB, 46
2026/04/16 00:46:43.904, Tesla PG503-216, 35 %, 15 %, 4348 MiB, 47
2026/04/16 00:46:44.905, Tesla PG503-216, 36 %, 16 %, 4348 MiB, 47
2026/04/16 00:46:45.905, Tesla PG503-216, 24 %, 9 %, 4348 MiB, 46
2026/04/16 00:46:46.906, Tesla PG503-216, 38 %, 15 %, 4348 MiB, 46
2026/04/16 00:46:47.907, Tesla PG503-216, 40 %, 16 %, 4348 MiB, 46
2026/04/16 00:46:48.907, Tesla PG503-216, 37 %, 15 %, 4348 MiB, 46
2026/04/16 00:46:49.908, Tesla PG503-216, 42 %, 16 %, 4348 MiB, 46
2026/04/16 00:46:50.908, Tesla PG503-216, 5 %, 0 %, 4348 MiB, 46
2026/04/16 00:46:51.909, Tesla PG503-216, 39 %, 16 %, 4348 MiB, 46
2026/04/16 00:46:52.909, Tesla PG503-216, 40 %, 15 %, 4348 MiB, 46
2026/04/16 00:46:53.910, Tesla PG503-216, 42 %, 16 %, 4348 MiB, 46
2026/04/16 00:46:54.911, Tesla PG503-216, 41 %, 16 %, 4348 MiB, 46
2026/04/16 00:46:55.911, Tesla PG503-216, 41 %, 16 %, 4348 MiB, 46
2026/04/16 00:46:56.912, Tesla PG503-216, 13 %, 5 %, 4348 MiB, 46
2026/04/16 00:46:57.912, Tesla PG503-216, 13 %, 4 %, 4348 MiB, 46
2026/04/16 00:46:58.912, Tesla PG503-216, 1 %, 0 %, 4348 MiB, 47
2026/04/16 00:46:59.913, Tesla PG503-216, 41 %, 16 %, 4348 MiB, 46
2026/04/16 00:47:00.913, Tesla PG503-216, 17 %, 7 %, 4348 MiB, 48
2026/04/16 00:47:01.914, Tesla PG503-216, 41 %, 16 %, 4348 MiB, 46
2026/04/16 00:47:02.914, Tesla PG503-216, 31 %, 13 %, 4348 MiB, 47
2026/04/16 00:47:03.915, Tesla PG503-216, 4 %, 0 %, 4348 MiB, 48
2026/04/16 00:47:04.915, Tesla PG503-216, 38 %, 15 %, 4348 MiB, 46
2026/04/16 00:47:05.916, Tesla PG503-216, 40 %, 16 %, 4348 MiB, 46
2026/04/16 00:47:06.916, Tesla PG503-216, 13 %, 5 %, 4348 MiB, 47
2026/04/16 00:47:07.917, Tesla PG503-216, 10 %, 4 %, 4348 MiB, 48
2026/04/16 00:47:08.917, Tesla PG503-216, 36 %, 14 %, 4348 MiB, 47
2026/04/16 00:47:09.918, Tesla PG503-216, 35 %, 15 %, 4348 MiB, 46
2026/04/16 00:47:10.918, Tesla PG503-216, 28 %, 11 %, 4348 MiB, 46
2026/04/16 00:47:11.919, Tesla PG503-216, 4 %, 0 %, 4348 MiB, 46
2026/04/16 00:47:12.919, Tesla PG503-216, 28 %, 11 %, 4348 MiB, 48
2026/04/16 00:47:13.920, Tesla PG503-216, 40 %, 15 %, 4348 MiB, 46
2026/04/16 00:47:14.920, Tesla PG503-216, 40 %, 16 %, 4348 MiB, 46
2026/04/16 00:47:15.921, Tesla PG503-216, 13 %, 4 %, 4348 MiB, 46
2026/04/16 00:47:16.921, Tesla PG503-216, 8 %, 2 %, 4348 MiB, 46
2026/04/16 00:47:17.922, Tesla PG503-216, 39 %, 15 %, 4348 MiB, 48
2026/04/16 00:47:18.922, Tesla PG503-216, 33 %, 14 %, 4348 MiB, 46
2026/04/16 00:47:19.922, Tesla PG503-216, 40 %, 16 %, 4348 MiB, 46
2026/04/16 00:47:20.923, Tesla PG503-216, 38 %, 16 %, 4348 MiB, 48
2026/04/16 00:47:21.923, Tesla PG503-216, 17 %, 7 %, 4348 MiB, 47
2026/04/16 00:47:22.924, Tesla PG503-216, 20 %, 8 %, 4348 MiB, 46
2026/04/16 00:47:23.924, Tesla PG503-216, 41 %, 16 %, 4348 MiB, 46
2026/04/16 00:47:24.925, Tesla PG503-216, 42 %, 16 %, 4348 MiB, 46
2026/04/16 00:47:25.925, Tesla PG503-216, 27 %, 11 %, 4348 MiB, 47
2026/04/16 00:47:26.926, Tesla PG503-216, 5 %, 0 %, 4348 MiB, 46
2026/04/16 00:47:27.926, Tesla PG503-216, 37 %, 14 %, 4348 MiB, 47
2026/04/16 00:47:28.927, Tesla PG503-216, 20 %, 8 %, 4348 MiB, 48
2026/04/16 00:47:29.927, Tesla PG503-216, 42 %, 16 %, 4348 MiB, 47
2026/04/16 00:47:30.927, Tesla PG503-216, 8 %, 1 %, 4348 MiB, 46
2026/04/16 00:47:31.928, Tesla PG503-216, 41 %, 16 %, 4348 MiB, 46
2026/04/16 00:47:32.928, Tesla PG503-216, 40 %, 15 %, 4348 MiB, 46
2026/04/16 00:47:33.929, Tesla PG503-216, 40 %, 16 %, 4348 MiB, 46
2026/04/16 00:47:34.929, Tesla PG503-216, 15 %, 6 %, 4348 MiB, 47
2026/04/16 00:47:35.930, Tesla PG503-216, 35 %, 13 %, 4348 MiB, 46
2026/04/16 00:47:36.930, Tesla PG503-216, 39 %, 16 %, 4348 MiB, 47
2026/04/16 00:47:37.931, Tesla PG503-216, 20 %, 7 %, 4348 MiB, 46
2026/04/16 00:47:38.931, Tesla PG503-216, 1 %, 0 %, 4348 MiB, 48
2026/04/16 00:47:39.932, Tesla PG503-216, 17 %, 6 %, 4348 MiB, 47
2026/04/16 00:47:40.932, Tesla PG503-216, 25 %, 9 %, 4348 MiB, 47
2026/04/16 00:47:41.933, Tesla PG503-216, 41 %, 16 %, 4348 MiB, 46
2026/04/16 00:47:42.933, Tesla PG503-216, 13 %, 4 %, 4348 MiB, 47
2026/04/16 00:47:43.934, Tesla PG503-216, 41 %, 16 %, 4348 MiB, 46
2026/04/16 00:47:44.934, Tesla PG503-216, 40 %, 16 %, 4348 MiB, 46
2026/04/16 00:47:45.935, Tesla PG503-216, 17 %, 6 %, 4348 MiB, 46
2026/04/16 00:47:46.935, Tesla PG503-216, 16 %, 5 %, 4348 MiB, 46
2026/04/16 00:47:47.935, Tesla PG503-216, 26 %, 10 %, 4348 MiB, 47
2026/04/16 00:47:48.936, Tesla PG503-216, 39 %, 15 %, 4348 MiB, 46
2026/04/16 00:47:49.936, Tesla PG503-216, 42 %, 16 %, 4348 MiB, 46
2026/04/16 00:47:50.937, Tesla PG503-216, 20 %, 8 %, 4348 MiB, 47
2026/04/16 00:47:51.937, Tesla PG503-216, 30 %, 12 %, 4348 MiB, 46
2026/04/16 00:47:52.938, Tesla PG503-216, 1 %, 0 %, 4348 MiB, 47
2026/04/16 00:47:53.938, Tesla PG503-216, 5 %, 1 %, 4348 MiB, 47
2026/04/16 00:47:54.939, Tesla PG503-216, 22 %, 8 %, 4348 MiB, 47
2026/04/16 00:47:55.939, Tesla PG503-216, 5 %, 0 %, 4348 MiB, 47
2026/04/16 00:47:56.940, Tesla PG503-216, 9 %, 3 %, 4348 MiB, 47
2026/04/16 00:47:57.940, Tesla PG503-216, 34 %, 13 %, 4348 MiB, 46
2026/04/16 00:47:58.941, Tesla PG503-216, 42 %, 16 %, 4348 MiB, 46
2026/04/16 00:47:59.941, Tesla PG503-216, 39 %, 15 %, 4348 MiB, 46
2026/04/16 00:48:00.942, Tesla PG503-216, 10 %, 4 %, 4348 MiB, 46
2026/04/16 00:48:01.942, Tesla PG503-216, 10 %, 3 %, 4348 MiB, 48
2026/04/16 00:48:02.943, Tesla PG503-216, 41 %, 16 %, 4348 MiB, 46
2026/04/16 00:48:03.943, Tesla PG503-216, 19 %, 7 %, 4348 MiB, 46
2026/04/16 00:48:04.944, Tesla PG503-216, 14 %, 5 %, 4348 MiB, 47
2026/04/16 00:48:05.944, Tesla PG503-216, 5 %, 0 %, 4348 MiB, 47
2026/04/16 00:48:06.945, Tesla PG503-216, 32 %, 13 %, 4348 MiB, 47
2026/04/16 00:48:07.945, Tesla PG503-216, 40 %, 15 %, 4348 MiB, 46
2026/04/16 00:48:08.946, Tesla PG503-216, 32 %, 14 %, 4348 MiB, 46
2026/04/16 00:48:09.946, Tesla PG503-216, 30 %, 12 %, 4348 MiB, 46
2026/04/16 00:48:10.947, Tesla PG503-216, 7 %, 1 %, 4348 MiB, 46
2026/04/16 00:48:11.947, Tesla PG503-216, 39 %, 16 %, 4348 MiB, 47
2026/04/16 00:48:12.948, Tesla PG503-216, 40 %, 16 %, 4348 MiB, 46
2026/04/16 00:48:13.948, Tesla PG503-216, 22 %, 8 %, 4348 MiB, 47
2026/04/16 00:48:14.949, Tesla PG503-216, 38 %, 15 %, 4348 MiB, 46
2026/04/16 00:48:15.949, Tesla PG503-216, 39 %, 15 %, 4348 MiB, 46
2026/04/16 00:48:16.949, Tesla PG503-216, 21 %, 8 %, 4348 MiB, 46
2026/04/16 00:48:17.950, Tesla PG503-216, 30 %, 12 %, 4348 MiB, 47
2026/04/16 00:48:18.950, Tesla PG503-216, 39 %, 15 %, 4348 MiB, 46
2026/04/16 00:48:19.951, Tesla PG503-216, 38 %, 15 %, 4348 MiB, 48
2026/04/16 00:48:20.951, Tesla PG503-216, 27 %, 10 %, 4348 MiB, 46
2026/04/16 00:48:21.952, Tesla PG503-216, 42 %, 16 %, 4348 MiB, 46
2026/04/16 00:48:22.952, Tesla PG503-216, 43 %, 17 %, 4348 MiB, 46
2026/04/16 00:48:23.953, Tesla PG503-216, 29 %, 12 %, 4348 MiB, 47
2026/04/16 00:48:24.953, Tesla PG503-216, 13 %, 5 %, 4348 MiB, 47
2026/04/16 00:48:25.954, Tesla PG503-216, 40 %, 15 %, 4348 MiB, 46
2026/04/16 00:48:26.954, Tesla PG503-216, 15 %, 4 %, 4348 MiB, 47
2026/04/16 00:48:27.955, Tesla PG503-216, 41 %, 16 %, 4348 MiB, 46
2026/04/16 00:48:28.955, Tesla PG503-216, 22 %, 8 %, 4348 MiB, 47
2026/04/16 00:48:29.956, Tesla PG503-216, 27 %, 10 %, 4348 MiB, 46
2026/04/16 00:48:30.956, Tesla PG503-216, 35 %, 15 %, 4348 MiB, 46
2026/04/16 00:48:31.957, Tesla PG503-216, 29 %, 12 %, 4348 MiB, 46
2026/04/16 00:48:32.957, Tesla PG503-216, 11 %, 3 %, 4348 MiB, 47
2026/04/16 00:48:33.958, Tesla PG503-216, 16 %, 5 %, 4348 MiB, 46
2026/04/16 00:48:34.958, Tesla PG503-216, 4 %, 0 %, 4348 MiB, 46
2026/04/16 00:48:35.959, Tesla PG503-216, 1 %, 0 %, 4348 MiB, 47
2026/04/16 00:48:36.959, Tesla PG503-216, 28 %, 10 %, 4348 MiB, 46
2026/04/16 00:48:37.959, Tesla PG503-216, 31 %, 13 %, 4348 MiB, 46
2026/04/16 00:48:38.960, Tesla PG503-216, 12 %, 4 %, 4348 MiB, 47
2026/04/16 00:48:39.960, Tesla PG503-216, 41 %, 16 %, 4348 MiB, 46
2026/04/16 00:48:40.961, Tesla PG503-216, 33 %, 14 %, 4348 MiB, 46
2026/04/16 00:48:41.961, Tesla PG503-216, 20 %, 8 %, 4348 MiB, 47
2026/04/16 00:48:42.962, Tesla PG503-216, 41 %, 16 %, 4348 MiB, 46
2026/04/16 00:48:43.962, Tesla PG503-216, 19 %, 7 %, 4348 MiB, 46
2026/04/16 00:48:44.963, Tesla PG503-216, 42 %, 17 %, 4348 MiB, 46
2026/04/16 00:48:45.963, Tesla PG503-216, 41 %, 16 %, 4348 MiB, 46
2026/04/16 00:48:46.963, Tesla PG503-216, 35 %, 14 %, 4348 MiB, 47
2026/04/16 00:48:47.964, Tesla PG503-216, 36 %, 15 %, 4348 MiB, 47
2026/04/16 00:48:48.965, Tesla PG503-216, 40 %, 16 %, 4348 MiB, 46
2026/04/16 00:48:49.965, Tesla PG503-216, 15 %, 5 %, 4348 MiB, 46
2026/04/16 00:48:50.965, Tesla PG503-216, 23 %, 9 %, 4348 MiB, 48
2026/04/16 00:48:51.966, Tesla PG503-216, 36 %, 16 %, 4348 MiB, 46
2026/04/16 00:48:52.966, Tesla PG503-216, 18 %, 7 %, 4348 MiB, 48
2026/04/16 00:48:53.967, Tesla PG503-216, 42 %, 16 %, 4348 MiB, 46
2026/04/16 00:48:54.967, Tesla PG503-216, 11 %, 4 %, 4348 MiB, 47
2026/04/16 00:48:55.968, Tesla PG503-216, 41 %, 16 %, 4348 MiB, 46
2026/04/16 00:48:56.968, Tesla PG503-216, 9 %, 1 %, 4348 MiB, 46
2026/04/16 00:48:57.969, Tesla PG503-216, 40 %, 15 %, 4348 MiB, 47
2026/04/16 00:48:58.969, Tesla PG503-216, 39 %, 15 %, 4348 MiB, 46
2026/04/16 00:48:59.970, Tesla PG503-216, 35 %, 15 %, 4348 MiB, 46
2026/04/16 00:49:00.970, Tesla PG503-216, 5 %, 0 %, 4348 MiB, 46
2026/04/16 00:49:01.971, Tesla PG503-216, 34 %, 13 %, 4348 MiB, 46
2026/04/16 00:49:02.971, Tesla PG503-216, 41 %, 16 %, 4348 MiB, 48
2026/04/16 00:49:03.971, Tesla PG503-216, 17 %, 6 %, 4348 MiB, 46
2026/04/16 00:49:04.972, Tesla PG503-216, 40 %, 16 %, 4348 MiB, 48
2026/04/16 00:49:05.972, Tesla PG503-216, 38 %, 16 %, 4348 MiB, 48
2026/04/16 00:49:06.973, Tesla PG503-216, 40 %, 15 %, 4348 MiB, 47
2026/04/16 00:49:07.973, Tesla PG503-216, 35 %, 15 %, 4348 MiB, 47
2026/04/16 00:49:08.974, Tesla PG503-216, 19 %, 7 %, 4348 MiB, 46
2026/04/16 00:49:09.974, Tesla PG503-216, 37 %, 15 %, 4348 MiB, 46
2026/04/16 00:49:10.975, Tesla PG503-216, 39 %, 16 %, 4348 MiB, 47
2026/04/16 00:49:11.975, Tesla PG503-216, 10 %, 3 %, 4348 MiB, 46
2026/04/16 00:49:12.976, Tesla PG503-216, 43 %, 17 %, 4348 MiB, 46
2026/04/16 00:49:13.976, Tesla PG503-216, 39 %, 16 %, 4348 MiB, 48
2026/04/16 00:49:14.977, Tesla PG503-216, 9 %, 3 %, 4348 MiB, 47
2026/04/16 00:49:15.977, Tesla PG503-216, 15 %, 6 %, 4348 MiB, 48
2026/04/16 00:49:16.978, Tesla PG503-216, 32 %, 12 %, 4348 MiB, 46
2026/04/16 00:49:17.978, Tesla PG503-216, 31 %, 13 %, 4348 MiB, 48
2026/04/16 00:49:18.979, Tesla PG503-216, 9 %, 2 %, 4348 MiB, 46
2026/04/16 00:49:19.979, Tesla PG503-216, 40 %, 15 %, 4348 MiB, 46
2026/04/16 00:49:20.980, Tesla PG503-216, 40 %, 16 %, 4348 MiB, 46
2026/04/16 00:49:21.980, Tesla PG503-216, 16 %, 5 %, 4348 MiB, 46
2026/04/16 00:49:22.980, Tesla PG503-216, 11 %, 3 %, 4348 MiB, 46
2026/04/16 00:49:23.981, Tesla PG503-216, 37 %, 14 %, 4348 MiB, 46
2026/04/16 00:49:24.981, Tesla PG503-216, 14 %, 4 %, 4348 MiB, 48
2026/04/16 00:49:25.982, Tesla PG503-216, 40 %, 16 %, 4348 MiB, 46
2026/04/16 00:49:26.982, Tesla PG503-216, 38 %, 16 %, 4348 MiB, 46
2026/04/16 00:49:27.983, Tesla PG503-216, 27 %, 11 %, 4348 MiB, 46
2026/04/16 00:49:28.983, Tesla PG503-216, 40 %, 16 %, 4348 MiB, 47
2026/04/16 00:49:29.984, Tesla PG503-216, 33 %, 13 %, 4348 MiB, 47
2026/04/16 00:49:30.984, Tesla PG503-216, 37 %, 15 %, 4348 MiB, 46
2026/04/16 00:49:31.985, Tesla PG503-216, 12 %, 4 %, 4348 MiB, 48
2026/04/16 00:49:32.985, Tesla PG503-216, 40 %, 15 %, 4348 MiB, 46
2026/04/16 00:49:33.986, Tesla PG503-216, 19 %, 7 %, 4348 MiB, 48
2026/04/16 00:49:34.986, Tesla PG503-216, 42 %, 16 %, 4348 MiB, 47
2026/04/16 00:49:35.987, Tesla PG503-216, 41 %, 16 %, 4348 MiB, 46
2026/04/16 00:49:36.987, Tesla PG503-216, 31 %, 13 %, 4348 MiB, 46
2026/04/16 00:49:37.988, Tesla PG503-216, 16 %, 6 %, 4348 MiB, 46
2026/04/16 00:49:38.988, Tesla PG503-216, 38 %, 15 %, 4348 MiB, 47
2026/04/16 00:49:39.989, Tesla PG503-216, 41 %, 16 %, 4348 MiB, 47
2026/04/16 00:49:40.989, Tesla PG503-216, 35 %, 15 %, 4348 MiB, 46
2026/04/16 00:49:41.990, Tesla PG503-216, 13 %, 4 %, 4348 MiB, 46
2026/04/16 00:49:42.990, Tesla PG503-216, 42 %, 16 %, 4348 MiB, 47
2026/04/16 00:49:43.990, Tesla PG503-216, 41 %, 16 %, 4348 MiB, 48
2026/04/16 00:49:44.991, Tesla PG503-216, 27 %, 11 %, 4348 MiB, 47
2026/04/16 00:49:45.991, Tesla PG503-216, 40 %, 16 %, 4348 MiB, 46
2026/04/16 00:49:46.992, Tesla PG503-216, 38 %, 15 %, 4348 MiB, 48
2026/04/16 00:49:47.992, Tesla PG503-216, 9 %, 2 %, 4348 MiB, 46
2026/04/16 00:49:48.993, Tesla PG503-216, 30 %, 12 %, 4348 MiB, 46
2026/04/16 00:49:49.993, Tesla PG503-216, 40 %, 15 %, 4348 MiB, 46
2026/04/16 00:49:50.994, Tesla PG503-216, 39 %, 16 %, 4348 MiB, 48
2026/04/16 00:49:51.994, Tesla PG503-216, 38 %, 15 %, 4348 MiB, 46
2026/04/16 00:49:52.994, Tesla PG503-216, 27 %, 11 %, 4348 MiB, 47
2026/04/16 00:49:53.995, Tesla PG503-216, 39 %, 15 %, 4348 MiB, 46
2026/04/16 00:49:54.995, Tesla PG503-216, 42 %, 16 %, 4348 MiB, 46
2026/04/16 00:49:55.996, Tesla PG503-216, 17 %, 6 %, 4348 MiB, 47
2026/04/16 00:49:56.996, Tesla PG503-216, 36 %, 14 %, 4348 MiB, 46
2026/04/16 00:49:57.997, Tesla PG503-216, 41 %, 16 %, 4348 MiB, 46
2026/04/16 00:49:58.997, Tesla PG503-216, 23 %, 9 %, 4348 MiB, 48
2026/04/16 00:49:59.998, Tesla PG503-216, 13 %, 4 %, 4348 MiB, 47
2026/04/16 00:50:00.998, Tesla PG503-216, 8 %, 2 %, 4348 MiB, 47
2026/04/16 00:50:01.998, Tesla PG503-216, 39 %, 16 %, 4348 MiB, 46
2026/04/16 00:50:02.999, Tesla PG503-216, 36 %, 16 %, 4348 MiB, 48
2026/04/16 00:50:03.999, Tesla PG503-216, 40 %, 15 %, 4348 MiB, 46
2026/04/16 00:50:05.000, Tesla PG503-216, 6 %, 0 %, 4348 MiB, 47
2026/04/16 00:50:06.000, Tesla PG503-216, 28 %, 10 %, 4348 MiB, 46
2026/04/16 00:50:07.001, Tesla PG503-216, 42 %, 16 %, 4348 MiB, 46
2026/04/16 00:50:08.001, Tesla PG503-216, 42 %, 16 %, 4348 MiB, 46
2026/04/16 00:50:09.001, Tesla PG503-216, 41 %, 16 %, 4348 MiB, 46
2026/04/16 00:50:10.002, Tesla PG503-216, 17 %, 6 %, 4348 MiB, 46
2026/04/16 00:50:11.002, Tesla PG503-216, 11 %, 2 %, 4348 MiB, 46
2026/04/16 00:50:12.003, Tesla PG503-216, 40 %, 15 %, 4348 MiB, 46
2026/04/16 00:50:13.003, Tesla PG503-216, 26 %, 10 %, 4348 MiB, 47
2026/04/16 00:50:14.003, Tesla PG503-216, 33 %, 13 %, 4348 MiB, 46
2026/04/16 00:50:15.004, Tesla PG503-216, 42 %, 16 %, 4348 MiB, 46
2026/04/16 00:50:16.004, Tesla PG503-216, 13 %, 4 %, 4348 MiB, 48
2026/04/16 00:50:17.005, Tesla PG503-216, 31 %, 12 %, 4348 MiB, 47
2026/04/16 00:50:18.005, Tesla PG503-216, 37 %, 16 %, 4348 MiB, 46
2026/04/16 00:50:19.006, Tesla PG503-216, 18 %, 7 %, 4348 MiB, 47
2026/04/16 00:50:20.006, Tesla PG503-216, 38 %, 15 %, 4348 MiB, 46
2026/04/16 00:50:21.006, Tesla PG503-216, 27 %, 11 %, 4348 MiB, 46
2026/04/16 00:50:22.007, Tesla PG503-216, 6 %, 0 %, 4348 MiB, 48
2026/04/16 00:50:23.007, Tesla PG503-216, 40 %, 15 %, 4348 MiB, 46
2026/04/16 00:50:24.008, Tesla PG503-216, 7 %, 0 %, 4348 MiB, 48
2026/04/16 00:50:25.008, Tesla PG503-216, 39 %, 15 %, 4348 MiB, 47
2026/04/16 00:50:26.008, Tesla PG503-216, 42 %, 16 %, 4348 MiB, 46
2026/04/16 00:50:27.009, Tesla PG503-216, 43 %, 17 %, 4348 MiB, 46
2026/04/16 00:50:28.009, Tesla PG503-216, 39 %, 15 %, 4348 MiB, 46
2026/04/16 00:50:29.010, Tesla PG503-216, 18 %, 7 %, 4348 MiB, 46
2026/04/16 00:50:30.010, Tesla PG503-216, 29 %, 11 %, 4348 MiB, 48
2026/04/16 00:50:31.011, Tesla PG503-216, 41 %, 16 %, 4348 MiB, 47
2026/04/16 00:50:32.011, Tesla PG503-216, 26 %, 10 %, 4348 MiB, 46
2026/04/16 00:50:33.011, Tesla PG503-216, 43 %, 17 %, 4348 MiB, 47
2026/04/16 00:50:34.012, Tesla PG503-216, 23 %, 9 %, 4348 MiB, 46
2026/04/16 00:50:35.012, Tesla PG503-216, 40 %, 15 %, 4348 MiB, 48
2026/04/16 00:50:36.013, Tesla PG503-216, 18 %, 6 %, 4348 MiB, 46
2026/04/16 00:50:37.013, Tesla PG503-216, 38 %, 15 %, 4348 MiB, 46
2026/04/16 00:50:38.014, Tesla PG503-216, 42 %, 16 %, 4348 MiB, 46
2026/04/16 00:50:39.014, Tesla PG503-216, 38 %, 16 %, 4348 MiB, 47
2026/04/16 00:50:40.015, Tesla PG503-216, 26 %, 10 %, 4348 MiB, 47
2026/04/16 00:50:41.015, Tesla PG503-216, 6 %, 0 %, 4348 MiB, 46
2026/04/16 00:50:42.015, Tesla PG503-216, 31 %, 12 %, 4348 MiB, 46
2026/04/16 00:50:43.016, Tesla PG503-216, 41 %, 16 %, 4348 MiB, 46
2026/04/16 00:50:44.016, Tesla PG503-216, 21 %, 8 %, 4348 MiB, 47
2026/04/16 00:50:45.017, Tesla PG503-216, 19 %, 7 %, 4348 MiB, 46
2026/04/16 00:50:46.017, Tesla PG503-216, 36 %, 15 %, 4348 MiB, 46
2026/04/16 00:50:47.017, Tesla PG503-216, 24 %, 9 %, 4348 MiB, 48
2026/04/16 00:50:48.018, Tesla PG503-216, 39 %, 15 %, 4348 MiB, 46
2026/04/16 00:50:49.018, Tesla PG503-216, 41 %, 16 %, 4348 MiB, 46
2026/04/16 00:50:50.019, Tesla PG503-216, 41 %, 16 %, 4348 MiB, 46
2026/04/16 00:50:51.019, Tesla PG503-216, 11 %, 2 %, 4348 MiB, 47
2026/04/16 00:50:52.020, Tesla PG503-216, 40 %, 15 %, 4348 MiB, 46
2026/04/16 00:50:53.020, Tesla PG503-216, 14 %, 5 %, 4348 MiB, 47
2026/04/16 00:50:54.021, Tesla PG503-216, 22 %, 8 %, 4348 MiB, 46
2026/04/16 00:50:55.021, Tesla PG503-216, 40 %, 15 %, 4348 MiB, 46
2026/04/16 00:50:56.022, Tesla PG503-216, 36 %, 14 %, 4348 MiB, 46
2026/04/16 00:50:57.022, Tesla PG503-216, 39 %, 16 %, 4348 MiB, 46
2026/04/16 00:50:58.022, Tesla PG503-216, 14 %, 5 %, 4348 MiB, 46
2026/04/16 00:50:59.023, Tesla PG503-216, 12 %, 4 %, 4348 MiB, 46
2026/04/16 00:51:00.023, Tesla PG503-216, 18 %, 7 %, 4348 MiB, 47
2026/04/16 00:51:01.024, Tesla PG503-216, 41 %, 16 %, 4348 MiB, 46
2026/04/16 00:51:02.024, Tesla PG503-216, 20 %, 8 %, 4348 MiB, 47
2026/04/16 00:51:03.025, Tesla PG503-216, 42 %, 16 %, 4348 MiB, 46
2026/04/16 00:51:04.025, Tesla PG503-216, 9 %, 2 %, 4348 MiB, 48
2026/04/16 00:51:05.026, Tesla PG503-216, 41 %, 16 %, 4348 MiB, 46
2026/04/16 00:51:06.026, Tesla PG503-216, 31 %, 13 %, 4348 MiB, 46
2026/04/16 00:51:07.027, Tesla PG503-216, 6 %, 0 %, 4348 MiB, 48
2026/04/16 00:51:08.027, Tesla PG503-216, 19 %, 7 %, 4348 MiB, 48
2026/04/16 00:51:09.028, Tesla PG503-216, 42 %, 16 %, 4348 MiB, 46
2026/04/16 00:51:10.028, Tesla PG503-216, 36 %, 16 %, 4348 MiB, 46
2026/04/16 00:51:11.029, Tesla PG503-216, 8 %, 1 %, 4348 MiB, 48
2026/04/16 00:51:12.029, Tesla PG503-216, 41 %, 16 %, 4348 MiB, 46
2026/04/16 00:51:13.030, Tesla PG503-216, 18 %, 7 %, 4348 MiB, 46
2026/04/16 00:51:14.030, Tesla PG503-216, 16 %, 6 %, 4348 MiB, 48
2026/04/16 00:51:15.031, Tesla PG503-216, 41 %, 16 %, 4348 MiB, 46
2026/04/16 00:51:16.031, Tesla PG503-216, 41 %, 16 %, 4348 MiB, 46
2026/04/16 00:51:17.032, Tesla PG503-216, 6 %, 2 %, 4348 MiB, 46
2026/04/16 00:51:18.032, Tesla PG503-216, 26 %, 10 %, 4348 MiB, 48
2026/04/16 00:51:19.033, Tesla PG503-216, 40 %, 15 %, 4348 MiB, 46
2026/04/16 00:51:20.033, Tesla PG503-216, 36 %, 14 %, 4348 MiB, 48
2026/04/16 00:51:21.033, Tesla PG503-216, 40 %, 16 %, 4348 MiB, 46
2026/04/16 00:51:22.034, Tesla PG503-216, 31 %, 12 %, 4348 MiB, 48
2026/04/16 00:51:23.034, Tesla PG503-216, 42 %, 16 %, 4348 MiB, 47
2026/04/16 00:51:24.035, Tesla PG503-216, 10 %, 3 %, 4348 MiB, 46
2026/04/16 00:51:25.035, Tesla PG503-216, 15 %, 6 %, 4348 MiB, 46
2026/04/16 00:51:26.036, Tesla PG503-216, 37 %, 15 %, 4348 MiB, 46
2026/04/16 00:51:27.036, Tesla PG503-216, 8 %, 2 %, 4348 MiB, 46
2026/04/16 00:51:28.037, Tesla PG503-216, 4 %, 0 %, 4348 MiB, 46
2026/04/16 00:51:29.037, Tesla PG503-216, 41 %, 16 %, 4348 MiB, 48
2026/04/16 00:51:30.038, Tesla PG503-216, 17 %, 6 %, 4348 MiB, 46
2026/04/16 00:51:31.038, Tesla PG503-216, 40 %, 15 %, 4348 MiB, 47
2026/04/16 00:51:32.039, Tesla PG503-216, 36 %, 15 %, 4348 MiB, 47
2026/04/16 00:51:33.039, Tesla PG503-216, 7 %, 0 %, 4348 MiB, 46
2026/04/16 00:51:34.040, Tesla PG503-216, 36 %, 14 %, 4348 MiB, 46
2026/04/16 00:51:35.040, Tesla PG503-216, 36 %, 15 %, 4348 MiB, 48
2026/04/16 00:51:36.041, Tesla PG503-216, 28 %, 11 %, 4348 MiB, 46
2026/04/16 00:51:37.041, Tesla PG503-216, 41 %, 16 %, 4348 MiB, 46
2026/04/16 00:51:38.042, Tesla PG503-216, 34 %, 14 %, 4348 MiB, 46
2026/04/16 00:51:39.042, Tesla PG503-216, 24 %, 9 %, 4348 MiB, 46
2026/04/16 00:51:40.042, Tesla PG503-216, 43 %, 17 %, 4348 MiB, 46
2026/04/16 00:51:41.043, Tesla PG503-216, 16 %, 6 %, 4348 MiB, 48
2026/04/16 00:51:42.043, Tesla PG503-216, 36 %, 14 %, 4348 MiB, 46
2026/04/16 00:51:43.044, Tesla PG503-216, 41 %, 16 %, 4348 MiB, 46
2026/04/16 00:51:44.044, Tesla PG503-216, 16 %, 6 %, 4348 MiB, 47
2026/04/16 00:51:45.045, Tesla PG503-216, 16 %, 6 %, 4348 MiB, 46
2026/04/16 00:51:46.045, Tesla PG503-216, 16 %, 6 %, 4348 MiB, 45
2026/04/16 00:51:47.046, Tesla PG503-216, 37 %, 15 %, 4348 MiB, 46
2026/04/16 00:51:48.046, Tesla PG503-216, 35 %, 15 %, 4348 MiB, 46
2026/04/16 00:51:49.047, Tesla PG503-216, 21 %, 8 %, 4348 MiB, 47
2026/04/16 00:51:50.047, Tesla PG503-216, 40 %, 15 %, 4348 MiB, 46
2026/04/16 00:51:51.048, Tesla PG503-216, 29 %, 12 %, 4348 MiB, 47
2026/04/16 00:51:52.048, Tesla PG503-216, 40 %, 15 %, 4348 MiB, 46
2026/04/16 00:51:53.049, Tesla PG503-216, 41 %, 16 %, 4348 MiB, 46
2026/04/16 00:51:54.049, Tesla PG503-216, 40 %, 15 %, 4348 MiB, 46
2026/04/16 00:51:55.050, Tesla PG503-216, 15 %, 5 %, 4348 MiB, 46
2026/04/16 00:51:56.050, Tesla PG503-216, 35 %, 13 %, 4348 MiB, 46
2026/04/16 00:51:57.051, Tesla PG503-216, 22 %, 8 %, 4348 MiB, 46
2026/04/16 00:51:58.051, Tesla PG503-216, 38 %, 15 %, 4348 MiB, 48
2026/04/16 00:51:59.052, Tesla PG503-216, 42 %, 16 %, 4348 MiB, 46
2026/04/16 00:52:00.052, Tesla PG503-216, 21 %, 8 %, 4348 MiB, 46
2026/04/16 00:52:01.052, Tesla PG503-216, 6 %, 0 %, 4348 MiB, 47
2026/04/16 00:52:02.053, Tesla PG503-216, 39 %, 15 %, 4348 MiB, 47
2026/04/16 00:52:03.053, Tesla PG503-216, 25 %, 9 %, 4348 MiB, 46
2026/04/16 00:52:04.054, Tesla PG503-216, 40 %, 15 %, 4348 MiB, 47
2026/04/16 00:52:05.054, Tesla PG503-216, 35 %, 15 %, 4348 MiB, 46
2026/04/16 00:52:06.054, Tesla PG503-216, 16 %, 5 %, 4348 MiB, 47
2026/04/16 00:52:07.055, Tesla PG503-216, 41 %, 16 %, 4348 MiB, 47
2026/04/16 00:52:08.055, Tesla PG503-216, 20 %, 8 %, 4348 MiB, 48
2026/04/16 00:52:09.056, Tesla PG503-216, 41 %, 16 %, 4348 MiB, 46
2026/04/16 00:52:10.056, Tesla PG503-216, 31 %, 12 %, 4348 MiB, 46
2026/04/16 00:52:11.057, Tesla PG503-216, 36 %, 16 %, 4348 MiB, 47
2026/04/16 00:52:12.057, Tesla PG503-216, 29 %, 12 %, 4348 MiB, 47
2026/04/16 00:52:13.058, Tesla PG503-216, 30 %, 12 %, 4348 MiB, 46
2026/04/16 00:52:14.058, Tesla PG503-216, 26 %, 10 %, 4348 MiB, 47
2026/04/16 00:52:15.059, Tesla PG503-216, 36 %, 13 %, 4348 MiB, 48
2026/04/16 00:52:16.059, Tesla PG503-216, 8 %, 3 %, 4348 MiB, 46
2026/04/16 00:52:17.059, Tesla PG503-216, 22 %, 8 %, 4348 MiB, 46
2026/04/16 00:52:18.060, Tesla PG503-216, 12 %, 4 %, 4348 MiB, 46
2026/04/16 00:52:19.060, Tesla PG503-216, 42 %, 16 %, 4348 MiB, 46
2026/04/16 00:52:20.061, Tesla PG503-216, 28 %, 11 %, 4348 MiB, 48
2026/04/16 00:52:21.061, Tesla PG503-216, 8 %, 2 %, 4348 MiB, 46
2026/04/16 00:52:22.062, Tesla PG503-216, 41 %, 16 %, 4348 MiB, 46
2026/04/16 00:52:23.062, Tesla PG503-216, 36 %, 15 %, 4348 MiB, 47
2026/04/16 00:52:24.062, Tesla PG503-216, 2 %, 0 %, 4348 MiB, 47
2026/04/16 00:52:25.063, Tesla PG503-216, 40 %, 15 %, 4348 MiB, 46
2026/04/16 00:52:26.063, Tesla PG503-216, 42 %, 16 %, 4348 MiB, 46
2026/04/16 00:52:27.064, Tesla PG503-216, 22 %, 8 %, 4348 MiB, 48
2026/04/16 00:52:28.064, Tesla PG503-216, 5 %, 0 %, 4348 MiB, 46
2026/04/16 00:52:29.065, Tesla PG503-216, 16 %, 6 %, 4348 MiB, 46
2026/04/16 00:52:30.065, Tesla PG503-216, 39 %, 15 %, 4348 MiB, 46
2026/04/16 00:52:31.066, Tesla PG503-216, 40 %, 15 %, 4348 MiB, 46
2026/04/16 00:52:32.066, Tesla PG503-216, 21 %, 7 %, 4348 MiB, 47
2026/04/16 00:52:33.067, Tesla PG503-216, 14 %, 5 %, 4348 MiB, 46
2026/04/16 00:52:34.067, Tesla PG503-216, 16 %, 5 %, 4348 MiB, 46
2026/04/16 00:52:35.068, Tesla PG503-216, 37 %, 14 %, 4348 MiB, 46
2026/04/16 00:52:36.068, Tesla PG503-216, 18 %, 7 %, 4348 MiB, 48
2026/04/16 00:52:37.069, Tesla PG503-216, 21 %, 8 %, 4348 MiB, 47
2026/04/16 00:52:38.069, Tesla PG503-216, 11 %, 4 %, 4348 MiB, 47
2026/04/16 00:52:39.070, Tesla PG503-216, 39 %, 16 %, 4348 MiB, 46
2026/04/16 00:52:40.070, Tesla PG503-216, 41 %, 16 %, 4348 MiB, 46
2026/04/16 00:52:41.071, Tesla PG503-216, 37 %, 16 %, 4348 MiB, 46
2026/04/16 00:52:42.071, Tesla PG503-216, 34 %, 15 %, 4348 MiB, 46
2026/04/16 00:52:43.072, Tesla PG503-216, 7 %, 1 %, 4348 MiB, 48
2026/04/16 00:52:44.072, Tesla PG503-216, 9 %, 3 %, 4348 MiB, 47
2026/04/16 00:52:45.073, Tesla PG503-216, 40 %, 16 %, 4348 MiB, 46
2026/04/16 00:52:46.073, Tesla PG503-216, 39 %, 16 %, 4348 MiB, 46
2026/04/16 00:52:47.074, Tesla PG503-216, 35 %, 15 %, 4348 MiB, 46
2026/04/16 00:52:48.074, Tesla PG503-216, 19 %, 7 %, 4348 MiB, 47
2026/04/16 00:52:49.075, Tesla PG503-216, 36 %, 16 %, 4348 MiB, 46
2026/04/16 00:52:50.075, Tesla PG503-216, 30 %, 12 %, 4348 MiB, 47
2026/04/16 00:52:51.076, Tesla PG503-216, 36 %, 15 %, 4348 MiB, 47
2026/04/16 00:52:52.076, Tesla PG503-216, 36 %, 16 %, 4348 MiB, 47
2026/04/16 00:52:53.077, Tesla PG503-216, 7 %, 1 %, 4348 MiB, 46
2026/04/16 00:52:54.077, Tesla PG503-216, 19 %, 7 %, 4348 MiB, 46
2026/04/16 00:52:55.078, Tesla PG503-216, 41 %, 16 %, 4348 MiB, 46
2026/04/16 00:52:56.078, Tesla PG503-216, 15 %, 5 %, 4348 MiB, 46
2026/04/16 00:52:57.079, Tesla PG503-216, 40 %, 15 %, 4348 MiB, 48
2026/04/16 00:52:58.079, Tesla PG503-216, 33 %, 14 %, 4348 MiB, 46
2026/04/16 00:52:59.080, Tesla PG503-216, 41 %, 16 %, 4348 MiB, 46
2026/04/16 00:53:00.080, Tesla PG503-216, 38 %, 16 %, 4348 MiB, 48
2026/04/16 00:53:01.081, Tesla PG503-216, 3 %, 0 %, 4348 MiB, 46
2026/04/16 00:53:02.082, Tesla PG503-216, 32 %, 12 %, 4348 MiB, 46
2026/04/16 00:53:03.082, Tesla PG503-216, 39 %, 15 %, 4348 MiB, 46
2026/04/16 00:53:04.083, Tesla PG503-216, 38 %, 15 %, 4348 MiB, 46
2026/04/16 00:53:05.083, Tesla PG503-216, 36 %, 15 %, 4348 MiB, 47
2026/04/16 00:53:06.084, Tesla PG503-216, 51 %, 18 %, 4348 MiB, 46
2026/04/16 00:53:07.084, Tesla PG503-216, 38 %, 15 %, 4348 MiB, 46
2026/04/16 00:53:08.085, Tesla PG503-216, 41 %, 16 %, 4348 MiB, 46
2026/04/16 00:53:09.085, Tesla PG503-216, 41 %, 16 %, 4348 MiB, 46
2026/04/16 00:53:10.086, Tesla PG503-216, 32 %, 13 %, 4348 MiB, 48
2026/04/16 00:53:11.086, Tesla PG503-216, 8 %, 2 %, 4348 MiB, 46
2026/04/16 00:53:12.087, Tesla PG503-216, 36 %, 14 %, 4348 MiB, 46
2026/04/16 00:53:13.087, Tesla PG503-216, 42 %, 16 %, 4348 MiB, 46
2026/04/16 00:53:14.088, Tesla PG503-216, 42 %, 17 %, 4348 MiB, 46
2026/04/16 00:53:15.088, Tesla PG503-216, 40 %, 15 %, 4348 MiB, 46
2026/04/16 00:53:16.089, Tesla PG503-216, 37 %, 16 %, 4348 MiB, 48
2026/04/16 00:53:17.089, Tesla PG503-216, 4 %, 0 %, 4348 MiB, 48
2026/04/16 00:53:18.090, Tesla PG503-216, 28 %, 11 %, 4348 MiB, 46
2026/04/16 00:53:19.090, Tesla PG503-216, 40 %, 16 %, 4348 MiB, 46
2026/04/16 00:53:20.091, Tesla PG503-216, 41 %, 16 %, 4348 MiB, 46
2026/04/16 00:53:21.091, Tesla PG503-216, 28 %, 11 %, 4348 MiB, 46
2026/04/16 00:53:22.092, Tesla PG503-216, 16 %, 5 %, 4348 MiB, 46
2026/04/16 00:53:23.092, Tesla PG503-216, 15 %, 6 %, 4348 MiB, 45
2026/04/16 00:53:24.093, Tesla PG503-216, 24 %, 8 %, 4348 MiB, 45
2026/04/16 00:53:25.093, Tesla PG503-216, 34 %, 14 %, 4348 MiB, 45
2026/04/16 00:53:26.094, Tesla PG503-216, 36 %, 16 %, 4348 MiB, 46
2026/04/16 00:53:27.094, Tesla PG503-216, 39 %, 16 %, 4348 MiB, 46
2026/04/16 00:53:28.095, Tesla PG503-216, 24 %, 9 %, 4348 MiB, 47
2026/04/16 00:53:29.095, Tesla PG503-216, 15 %, 6 %, 4348 MiB, 46
2026/04/16 00:53:30.096, Tesla PG503-216, 34 %, 14 %, 4348 MiB, 46
2026/04/16 00:53:31.097, Tesla PG503-216, 7 %, 2 %, 4348 MiB, 47
2026/04/16 00:53:32.097, Tesla PG503-216, 31 %, 12 %, 4348 MiB, 47
2026/04/16 00:53:33.098, Tesla PG503-216, 41 %, 16 %, 4348 MiB, 46
2026/04/16 00:53:34.098, Tesla PG503-216, 22 %, 8 %, 4348 MiB, 46
2026/04/16 00:53:35.098, Tesla PG503-216, 40 %, 15 %, 4348 MiB, 46
2026/04/16 00:53:36.099, Tesla PG503-216, 32 %, 13 %, 4348 MiB, 46
2026/04/16 00:53:37.099, Tesla PG503-216, 29 %, 11 %, 4348 MiB, 48
2026/04/16 00:53:38.099, Tesla PG503-216, 38 %, 15 %, 4348 MiB, 46
2026/04/16 00:53:39.100, Tesla PG503-216, 7 %, 1 %, 4348 MiB, 46
2026/04/16 00:53:40.100, Tesla PG503-216, 41 %, 16 %, 4348 MiB, 46
2026/04/16 00:53:41.101, Tesla PG503-216, 40 %, 15 %, 4348 MiB, 47
2026/04/16 00:53:42.101, Tesla PG503-216, 38 %, 16 %, 4348 MiB, 46
2026/04/16 00:53:43.102, Tesla PG503-216, 4 %, 0 %, 4348 MiB, 46
2026/04/16 00:53:44.102, Tesla PG503-216, 0 %, 0 %, 4348 MiB, 46
2026/04/16 00:53:45.103, Tesla PG503-216, 41 %, 16 %, 4348 MiB, 46
2026/04/16 00:53:46.103, Tesla PG503-216, 0 %, 0 %, 4348 MiB, 46
2026/04/16 00:53:47.104, Tesla PG503-216, 33 %, 13 %, 4348 MiB, 47
2026/04/16 00:53:48.104, Tesla PG503-216, 40 %, 16 %, 4348 MiB, 46
2026/04/16 00:53:49.105, Tesla PG503-216, 17 %, 7 %, 4348 MiB, 46
2026/04/16 00:53:50.105, Tesla PG503-216, 28 %, 11 %, 4348 MiB, 46
2026/04/16 00:53:51.106, Tesla PG503-216, 34 %, 13 %, 4348 MiB, 46
2026/04/16 00:53:52.106, Tesla PG503-216, 39 %, 15 %, 4348 MiB, 46
2026/04/16 00:53:53.106, Tesla PG503-216, 37 %, 16 %, 4348 MiB, 45
2026/04/16 00:53:54.107, Tesla PG503-216, 10 %, 4 %, 4348 MiB, 47
2026/04/16 00:53:55.107, Tesla PG503-216, 10 %, 3 %, 4348 MiB, 47
2026/04/16 00:53:56.108, Tesla PG503-216, 17 %, 7 %, 4348 MiB, 46
2026/04/16 00:53:57.108, Tesla PG503-216, 40 %, 15 %, 4348 MiB, 46
2026/04/16 00:53:58.109, Tesla PG503-216, 41 %, 17 %, 4348 MiB, 46
2026/04/16 00:53:59.109, Tesla PG503-216, 33 %, 14 %, 4348 MiB, 47
2026/04/16 00:54:00.110, Tesla PG503-216, 15 %, 6 %, 4348 MiB, 47
2026/04/16 00:54:01.110, Tesla PG503-216, 41 %, 16 %, 4348 MiB, 46
2026/04/16 00:54:02.111, Tesla PG503-216, 36 %, 15 %, 4348 MiB, 46
2026/04/16 00:54:03.111, Tesla PG503-216, 29 %, 11 %, 4348 MiB, 46
2026/04/16 00:54:04.112, Tesla PG503-216, 40 %, 16 %, 4348 MiB, 46
2026/04/16 00:54:05.112, Tesla PG503-216, 39 %, 15 %, 4348 MiB, 46
2026/04/16 00:54:06.112, Tesla PG503-216, 16 %, 6 %, 4348 MiB, 48
2026/04/16 00:54:07.113, Tesla PG503-216, 41 %, 16 %, 4348 MiB, 46
2026/04/16 00:54:08.113, Tesla PG503-216, 40 %, 15 %, 4348 MiB, 46
2026/04/16 00:54:09.114, Tesla PG503-216, 41 %, 16 %, 4348 MiB, 46
2026/04/16 00:54:10.114, Tesla PG503-216, 36 %, 15 %, 4348 MiB, 46
2026/04/16 00:54:11.115, Tesla PG503-216, 14 %, 5 %, 4348 MiB, 47
2026/04/16 00:54:12.115, Tesla PG503-216, 16 %, 6 %, 4348 MiB, 45
2026/04/16 00:54:13.116, Tesla PG503-216, 9 %, 4 %, 4348 MiB, 46
2026/04/16 00:54:14.116, Tesla PG503-216, 37 %, 14 %, 4348 MiB, 45
2026/04/16 00:54:15.117, Tesla PG503-216, 22 %, 8 %, 4348 MiB, 46
2026/04/16 00:54:16.118, Tesla PG503-216, 41 %, 16 %, 4348 MiB, 46
2026/04/16 00:54:17.118, Tesla PG503-216, 6 %, 0 %, 4348 MiB, 48
2026/04/16 00:54:18.118, Tesla PG503-216, 15 %, 6 %, 4348 MiB, 48
2026/04/16 00:54:19.119, Tesla PG503-216, 38 %, 15 %, 4348 MiB, 47
2026/04/16 00:54:20.119, Tesla PG503-216, 41 %, 16 %, 4348 MiB, 46
2026/04/16 00:54:21.120, Tesla PG503-216, 40 %, 15 %, 4348 MiB, 46
2026/04/16 00:54:22.120, Tesla PG503-216, 35 %, 15 %, 4348 MiB, 46
2026/04/16 00:54:23.121, Tesla PG503-216, 2 %, 0 %, 4348 MiB, 46
2026/04/16 00:54:24.121, Tesla PG503-216, 26 %, 10 %, 4348 MiB, 46
2026/04/16 00:54:25.122, Tesla PG503-216, 26 %, 10 %, 4348 MiB, 46
2026/04/16 00:54:26.122, Tesla PG503-216, 3 %, 0 %, 4348 MiB, 46
2026/04/16 00:54:27.123, Tesla PG503-216, 4 %, 0 %, 4348 MiB, 46
2026/04/16 00:54:28.123, Tesla PG503-216, 38 %, 15 %, 4348 MiB, 47
2026/04/16 00:54:29.124, Tesla PG503-216, 41 %, 16 %, 4348 MiB, 46
2026/04/16 00:54:30.124, Tesla PG503-216, 40 %, 16 %, 4348 MiB, 46
2026/04/16 00:54:31.125, Tesla PG503-216, 40 %, 16 %, 4348 MiB, 46
2026/04/16 00:54:32.125, Tesla PG503-216, 18 %, 7 %, 4348 MiB, 46
2026/04/16 00:54:33.125, Tesla PG503-216, 36 %, 14 %, 4348 MiB, 48
2026/04/16 00:54:34.126, Tesla PG503-216, 37 %, 14 %, 4348 MiB, 46
2026/04/16 00:54:35.126, Tesla PG503-216, 22 %, 8 %, 4348 MiB, 46
2026/04/16 00:54:36.127, Tesla PG503-216, 8 %, 1 %, 4348 MiB, 46
2026/04/16 00:54:37.127, Tesla PG503-216, 41 %, 16 %, 4348 MiB, 47
2026/04/16 00:54:38.128, Tesla PG503-216, 37 %, 16 %, 4348 MiB, 47
2026/04/16 00:54:39.128, Tesla PG503-216, 6 %, 0 %, 4348 MiB, 46
2026/04/16 00:54:40.129, Tesla PG503-216, 10 %, 3 %, 4348 MiB, 46
2026/04/16 00:54:41.129, Tesla PG503-216, 24 %, 9 %, 4348 MiB, 46
2026/04/16 00:54:42.130, Tesla PG503-216, 41 %, 16 %, 4348 MiB, 46
2026/04/16 00:54:43.130, Tesla PG503-216, 24 %, 9 %, 4348 MiB, 46
2026/04/16 00:54:44.130, Tesla PG503-216, 36 %, 14 %, 4348 MiB, 46
2026/04/16 00:54:45.131, Tesla PG503-216, 42 %, 16 %, 4348 MiB, 46
2026/04/16 00:54:46.132, Tesla PG503-216, 15 %, 6 %, 4348 MiB, 46
2026/04/16 00:54:47.132, Tesla PG503-216, 41 %, 16 %, 4348 MiB, 48
2026/04/16 00:54:48.133, Tesla PG503-216, 7 %, 1 %, 4348 MiB, 46
2026/04/16 00:54:49.133, Tesla PG503-216, 9 %, 3 %, 4348 MiB, 46
2026/04/16 00:54:50.134, Tesla PG503-216, 42 %, 16 %, 4348 MiB, 46
2026/04/16 00:54:51.134, Tesla PG503-216, 23 %, 9 %, 4348 MiB, 46
2026/04/16 00:54:52.134, Tesla PG503-216, 39 %, 16 %, 4348 MiB, 47
2026/04/16 00:54:53.135, Tesla PG503-216, 13 %, 4 %, 4348 MiB, 47
2026/04/16 00:54:54.135, Tesla PG503-216, 23 %, 9 %, 4348 MiB, 46
2026/04/16 00:54:55.135, Tesla PG503-216, 41 %, 16 %, 4348 MiB, 46
2026/04/16 00:54:56.136, Tesla PG503-216, 34 %, 14 %, 4348 MiB, 47
2026/04/16 00:54:57.136, Tesla PG503-216, 13 %, 4 %, 4348 MiB, 46
2026/04/16 00:54:58.137, Tesla PG503-216, 37 %, 14 %, 4348 MiB, 46
2026/04/16 00:54:59.137, Tesla PG503-216, 15 %, 5 %, 4348 MiB, 48
2026/04/16 00:55:00.138, Tesla PG503-216, 41 %, 16 %, 4348 MiB, 46
2026/04/16 00:55:01.138, Tesla PG503-216, 16 %, 5 %, 4348 MiB, 45
2026/04/16 00:55:02.139, Tesla PG503-216, 7 %, 1 %, 4348 MiB, 46
2026/04/16 00:55:03.139, Tesla PG503-216, 44 %, 17 %, 4348 MiB, 45
2026/04/16 00:55:04.139, Tesla PG503-216, 41 %, 16 %, 4348 MiB, 46
2026/04/16 00:55:05.140, Tesla PG503-216, 11 %, 3 %, 4348 MiB, 47
2026/04/16 00:55:06.140, Tesla PG503-216, 8 %, 2 %, 4348 MiB, 47
2026/04/16 00:55:07.141, Tesla PG503-216, 40 %, 15 %, 4348 MiB, 46
2026/04/16 00:55:08.141, Tesla PG503-216, 12 %, 5 %, 4348 MiB, 46
2026/04/16 00:55:09.142, Tesla PG503-216, 32 %, 13 %, 4348 MiB, 48
2026/04/16 00:55:10.142, Tesla PG503-216, 36 %, 16 %, 4348 MiB, 46
2026/04/16 00:55:11.143, Tesla PG503-216, 37 %, 14 %, 4348 MiB, 46
2026/04/16 00:55:12.143, Tesla PG503-216, 12 %, 4 %, 4348 MiB, 46
2026/04/16 00:55:13.143, Tesla PG503-216, 41 %, 16 %, 4348 MiB, 46
2026/04/16 00:55:14.144, Tesla PG503-216, 42 %, 16 %, 4348 MiB, 46
2026/04/16 00:55:15.144, Tesla PG503-216, 25 %, 10 %, 4348 MiB, 46
2026/04/16 00:55:16.145, Tesla PG503-216, 25 %, 10 %, 4348 MiB, 47
2026/04/16 00:55:17.145, Tesla PG503-216, 38 %, 15 %, 4348 MiB, 47
2026/04/16 00:55:18.146, Tesla PG503-216, 19 %, 7 %, 4348 MiB, 46
2026/04/16 00:55:19.146, Tesla PG503-216, 33 %, 13 %, 4348 MiB, 48
2026/04/16 00:55:20.146, Tesla PG503-216, 7 %, 1 %, 4348 MiB, 46
2026/04/16 00:55:21.147, Tesla PG503-216, 36 %, 14 %, 4348 MiB, 46
2026/04/16 00:55:22.147, Tesla PG503-216, 38 %, 16 %, 4348 MiB, 46
2026/04/16 00:55:23.148, Tesla PG503-216, 27 %, 10 %, 4348 MiB, 46
2026/04/16 00:55:24.148, Tesla PG503-216, 40 %, 16 %, 4348 MiB, 46
2026/04/16 00:55:25.149, Tesla PG503-216, 41 %, 16 %, 4348 MiB, 47
2026/04/16 00:55:26.149, Tesla PG503-216, 22 %, 8 %, 4348 MiB, 46
2026/04/16 00:55:27.150, Tesla PG503-216, 3 %, 0 %, 4348 MiB, 46
2026/04/16 00:55:28.150, Tesla PG503-216, 41 %, 16 %, 4348 MiB, 47
2026/04/16 00:55:29.151, Tesla PG503-216, 26 %, 10 %, 4348 MiB, 46
2026/04/16 00:55:30.151, Tesla PG503-216, 10 %, 4 %, 4348 MiB, 47
2026/04/16 00:55:31.151, Tesla PG503-216, 16 %, 6 %, 4348 MiB, 46
2026/04/16 00:55:32.152, Tesla PG503-216, 40 %, 15 %, 4348 MiB, 46
2026/04/16 00:55:33.152, Tesla PG503-216, 29 %, 11 %, 4348 MiB, 47
2026/04/16 00:55:34.153, Tesla PG503-216, 27 %, 10 %, 4348 MiB, 46
2026/04/16 00:55:35.153, Tesla PG503-216, 41 %, 16 %, 4348 MiB, 46
2026/04/16 00:55:36.154, Tesla PG503-216, 41 %, 16 %, 4348 MiB, 46
2026/04/16 00:55:37.154, Tesla PG503-216, 27 %, 11 %, 4348 MiB, 47
2026/04/16 00:55:38.154, Tesla PG503-216, 28 %, 11 %, 4348 MiB, 46
2026/04/16 00:55:39.155, Tesla PG503-216, 41 %, 16 %, 4348 MiB, 48
2026/04/16 00:55:40.155, Tesla PG503-216, 27 %, 10 %, 4348 MiB, 46
2026/04/16 00:55:41.156, Tesla PG503-216, 50 %, 17 %, 4348 MiB, 46
2026/04/16 00:55:42.156, Tesla PG503-216, 8 %, 2 %, 4348 MiB, 46
2026/04/16 00:55:43.157, Tesla PG503-216, 26 %, 10 %, 4348 MiB, 46
2026/04/16 00:55:44.157, Tesla PG503-216, 30 %, 12 %, 4348 MiB, 46
2026/04/16 00:55:45.158, Tesla PG503-216, 41 %, 16 %, 4348 MiB, 46
2026/04/16 00:55:46.158, Tesla PG503-216, 41 %, 16 %, 4348 MiB, 46
2026/04/16 00:55:47.159, Tesla PG503-216, 31 %, 13 %, 4348 MiB, 47
2026/04/16 00:55:48.159, Tesla PG503-216, 39 %, 15 %, 4348 MiB, 46
2026/04/16 00:55:49.160, Tesla PG503-216, 17 %, 6 %, 4348 MiB, 45
2026/04/16 00:55:50.160, Tesla PG503-216, 14 %, 5 %, 4348 MiB, 46
2026/04/16 00:55:51.160, Tesla PG503-216, 7 %, 1 %, 4348 MiB, 47
2026/04/16 00:55:52.161, Tesla PG503-216, 36 %, 15 %, 4348 MiB, 46
2026/04/16 00:55:53.161, Tesla PG503-216, 6 %, 2 %, 4348 MiB, 45
2026/04/16 00:55:54.162, Tesla PG503-216, 2 %, 0 %, 4348 MiB, 47
2026/04/16 00:55:55.162, Tesla PG503-216, 10 %, 3 %, 4348 MiB, 47
2026/04/16 00:55:56.163, Tesla PG503-216, 24 %, 9 %, 4348 MiB, 47
2026/04/16 00:55:57.163, Tesla PG503-216, 40 %, 15 %, 4348 MiB, 46
2026/04/16 00:55:58.164, Tesla PG503-216, 39 %, 15 %, 4348 MiB, 46
2026/04/16 00:55:59.164, Tesla PG503-216, 37 %, 16 %, 4348 MiB, 46
2026/04/16 00:56:00.165, Tesla PG503-216, 21 %, 8 %, 4348 MiB, 47
2026/04/16 00:56:01.165, Tesla PG503-216, 39 %, 15 %, 4348 MiB, 47
2026/04/16 00:56:02.166, Tesla PG503-216, 24 %, 9 %, 4348 MiB, 46
2026/04/16 00:56:03.166, Tesla PG503-216, 36 %, 14 %, 4348 MiB, 47
2026/04/16 00:56:04.167, Tesla PG503-216, 37 %, 15 %, 4348 MiB, 46
2026/04/16 00:56:05.167, Tesla PG503-216, 25 %, 10 %, 4348 MiB, 46
2026/04/16 00:56:06.168, Tesla PG503-216, 37 %, 14 %, 4348 MiB, 46
2026/04/16 00:56:07.168, Tesla PG503-216, 40 %, 15 %, 4348 MiB, 47
2026/04/16 00:56:08.168, Tesla PG503-216, 35 %, 15 %, 4348 MiB, 47
2026/04/16 00:56:09.169, Tesla PG503-216, 21 %, 8 %, 4348 MiB, 46
2026/04/16 00:56:10.169, Tesla PG503-216, 42 %, 16 %, 4348 MiB, 46
2026/04/16 00:56:11.170, Tesla PG503-216, 29 %, 11 %, 4348 MiB, 48
2026/04/16 00:56:12.170, Tesla PG503-216, 20 %, 8 %, 4348 MiB, 46
2026/04/16 00:56:13.171, Tesla PG503-216, 40 %, 16 %, 4348 MiB, 47
2026/04/16 00:56:14.171, Tesla PG503-216, 10 %, 2 %, 4348 MiB, 46
2026/04/16 00:56:15.172, Tesla PG503-216, 39 %, 15 %, 4348 MiB, 46
2026/04/16 00:56:16.172, Tesla PG503-216, 6 %, 2 %, 4348 MiB, 47
2026/04/16 00:56:17.172, Tesla PG503-216, 27 %, 10 %, 4348 MiB, 46
2026/04/16 00:56:18.173, Tesla PG503-216, 37 %, 15 %, 4348 MiB, 46
2026/04/16 00:56:19.173, Tesla PG503-216, 42 %, 16 %, 4348 MiB, 47
2026/04/16 00:56:20.174, Tesla PG503-216, 32 %, 14 %, 4348 MiB, 47
2026/04/16 00:56:21.174, Tesla PG503-216, 21 %, 8 %, 4348 MiB, 46
2026/04/16 00:56:22.175, Tesla PG503-216, 41 %, 16 %, 4348 MiB, 46
2026/04/16 00:56:23.175, Tesla PG503-216, 9 %, 2 %, 4348 MiB, 47
2026/04/16 00:56:24.176, Tesla PG503-216, 42 %, 16 %, 4348 MiB, 46
2026/04/16 00:56:25.176, Tesla PG503-216, 41 %, 16 %, 4348 MiB, 46
2026/04/16 00:56:26.177, Tesla PG503-216, 3 %, 0 %, 4348 MiB, 46
2026/04/16 00:56:27.177, Tesla PG503-216, 38 %, 15 %, 4348 MiB, 46
2026/04/16 00:56:28.177, Tesla PG503-216, 40 %, 16 %, 4348 MiB, 46
2026/04/16 00:56:29.178, Tesla PG503-216, 30 %, 12 %, 4348 MiB, 46
2026/04/16 00:56:30.178, Tesla PG503-216, 41 %, 16 %, 4348 MiB, 46
2026/04/16 00:56:31.179, Tesla PG503-216, 31 %, 13 %, 4348 MiB, 47
2026/04/16 00:56:32.179, Tesla PG503-216, 20 %, 8 %, 4348 MiB, 47
2026/04/16 00:56:33.179, Tesla PG503-216, 40 %, 16 %, 4348 MiB, 46
2026/04/16 00:56:34.180, Tesla PG503-216, 34 %, 15 %, 4348 MiB, 46
2026/04/16 00:56:35.181, Tesla PG503-216, 9 %, 2 %, 4348 MiB, 47
2026/04/16 00:56:36.181, Tesla PG503-216, 40 %, 16 %, 4348 MiB, 46
2026/04/16 00:56:37.182, Tesla PG503-216, 16 %, 5 %, 4348 MiB, 45
2026/04/16 00:56:38.182, Tesla PG503-216, 14 %, 6 %, 4348 MiB, 46
2026/04/16 00:56:39.182, Tesla PG503-216, 36 %, 16 %, 4348 MiB, 45
2026/04/16 00:56:40.183, Tesla PG503-216, 13 %, 5 %, 4348 MiB, 47
2026/04/16 00:56:41.183, Tesla PG503-216, 10 %, 3 %, 4348 MiB, 47
2026/04/16 00:56:42.184, Tesla PG503-216, 40 %, 15 %, 4348 MiB, 46
2026/04/16 00:56:43.184, Tesla PG503-216, 36 %, 15 %, 4348 MiB, 46
2026/04/16 00:56:44.185, Tesla PG503-216, 6 %, 1 %, 4348 MiB, 47
2026/04/16 00:56:45.185, Tesla PG503-216, 37 %, 14 %, 4348 MiB, 47
2026/04/16 00:56:46.186, Tesla PG503-216, 41 %, 16 %, 4348 MiB, 46
2026/04/16 00:56:47.186, Tesla PG503-216, 40 %, 16 %, 4348 MiB, 46
2026/04/16 00:56:48.186, Tesla PG503-216, 16 %, 6 %, 4348 MiB, 47
2026/04/16 00:56:49.187, Tesla PG503-216, 41 %, 16 %, 4348 MiB, 46
2026/04/16 00:56:50.187, Tesla PG503-216, 16 %, 5 %, 4348 MiB, 47
2026/04/16 00:56:51.188, Tesla PG503-216, 37 %, 14 %, 4348 MiB, 46
2026/04/16 00:56:52.188, Tesla PG503-216, 40 %, 16 %, 4348 MiB, 46
2026/04/16 00:56:53.189, Tesla PG503-216, 13 %, 5 %, 4348 MiB, 46
2026/04/16 00:56:54.189, Tesla PG503-216, 26 %, 10 %, 4348 MiB, 48
2026/04/16 00:56:55.190, Tesla PG503-216, 40 %, 16 %, 4348 MiB, 47
2026/04/16 00:56:56.190, Tesla PG503-216, 39 %, 15 %, 4348 MiB, 46
2026/04/16 00:56:57.190, Tesla PG503-216, 24 %, 9 %, 4348 MiB, 48
2026/04/16 00:56:58.191, Tesla PG503-216, 41 %, 16 %, 4348 MiB, 46
2026/04/16 00:56:59.191, Tesla PG503-216, 8 %, 1 %, 4348 MiB, 46
2026/04/16 00:57:00.192, Tesla PG503-216, 38 %, 15 %, 4348 MiB, 48
2026/04/16 00:57:01.192, Tesla PG503-216, 40 %, 16 %, 4348 MiB, 46
2026/04/16 00:57:02.193, Tesla PG503-216, 35 %, 15 %, 4348 MiB, 46
2026/04/16 00:57:03.193, Tesla PG503-216, 10 %, 3 %, 4348 MiB, 46
2026/04/16 00:57:04.194, Tesla PG503-216, 37 %, 15 %, 4348 MiB, 47
2026/04/16 00:57:05.194, Tesla PG503-216, 7 %, 1 %, 4348 MiB, 46
2026/04/16 00:57:06.195, Tesla PG503-216, 1 %, 0 %, 4348 MiB, 46
2026/04/16 00:57:07.195, Tesla PG503-216, 37 %, 15 %, 4348 MiB, 46
2026/04/16 00:57:08.196, Tesla PG503-216, 41 %, 16 %, 4348 MiB, 46
2026/04/16 00:57:09.196, Tesla PG503-216, 27 %, 11 %, 4348 MiB, 47
2026/04/16 00:57:10.196, Tesla PG503-216, 12 %, 4 %, 4348 MiB, 46
2026/04/16 00:57:11.197, Tesla PG503-216, 40 %, 15 %, 4348 MiB, 46
2026/04/16 00:57:12.197, Tesla PG503-216, 29 %, 11 %, 4348 MiB, 47
2026/04/16 00:57:13.198, Tesla PG503-216, 32 %, 12 %, 4348 MiB, 46
2026/04/16 00:57:14.198, Tesla PG503-216, 36 %, 14 %, 4348 MiB, 46
2026/04/16 00:57:15.199, Tesla PG503-216, 6 %, 2 %, 4348 MiB, 47
2026/04/16 00:57:16.199, Tesla PG503-216, 28 %, 9 %, 4348 MiB, 46
2026/04/16 00:57:17.200, Tesla PG503-216, 13 %, 4 %, 4348 MiB, 48
2026/04/16 00:57:18.200, Tesla PG503-216, 42 %, 16 %, 4348 MiB, 46
2026/04/16 00:57:19.201, Tesla PG503-216, 16 %, 6 %, 4348 MiB, 48
2026/04/16 00:57:20.201, Tesla PG503-216, 17 %, 7 %, 4348 MiB, 47
2026/04/16 00:57:21.202, Tesla PG503-216, 41 %, 16 %, 4348 MiB, 46
2026/04/16 00:57:22.202, Tesla PG503-216, 5 %, 1 %, 4348 MiB, 47
2026/04/16 00:57:23.202, Tesla PG503-216, 15 %, 6 %, 4348 MiB, 48
2026/04/16 00:57:24.203, Tesla PG503-216, 40 %, 15 %, 4348 MiB, 46
2026/04/16 00:57:25.203, Tesla PG503-216, 17 %, 6 %, 4348 MiB, 46
2026/04/16 00:57:26.204, Tesla PG503-216, 16 %, 5 %, 4348 MiB, 45
2026/04/16 00:57:27.204, Tesla PG503-216, 41 %, 15 %, 4348 MiB, 45
2026/04/16 00:57:28.205, Tesla PG503-216, 12 %, 3 %, 4348 MiB, 47
2026/04/16 00:57:29.205, Tesla PG503-216, 12 %, 4 %, 4348 MiB, 47
2026/04/16 00:57:30.206, Tesla PG503-216, 41 %, 16 %, 4348 MiB, 46
2026/04/16 00:57:31.206, Tesla PG503-216, 30 %, 12 %, 4348 MiB, 46
2026/04/16 00:57:32.207, Tesla PG503-216, 6 %, 0 %, 4348 MiB, 46
2026/04/16 00:57:33.207, Tesla PG503-216, 42 %, 16 %, 4348 MiB, 47
2026/04/16 00:57:34.207, Tesla PG503-216, 39 %, 15 %, 4348 MiB, 46
2026/04/16 00:57:35.208, Tesla PG503-216, 26 %, 10 %, 4348 MiB, 46
2026/04/16 00:57:36.208, Tesla PG503-216, 3 %, 0 %, 4348 MiB, 46
2026/04/16 00:57:37.209, Tesla PG503-216, 6 %, 0 %, 4348 MiB, 46
2026/04/16 00:57:38.209, Tesla PG503-216, 41 %, 16 %, 4348 MiB, 46
2026/04/16 00:57:39.210, Tesla PG503-216, 17 %, 6 %, 4348 MiB, 47
2026/04/16 00:57:40.210, Tesla PG503-216, 41 %, 16 %, 4348 MiB, 46
2026/04/16 00:57:41.211, Tesla PG503-216, 38 %, 16 %, 4348 MiB, 46
2026/04/16 00:57:42.211, Tesla PG503-216, 16 %, 6 %, 4348 MiB, 46
2026/04/16 00:57:43.211, Tesla PG503-216, 41 %, 16 %, 4348 MiB, 46
2026/04/16 00:57:44.212, Tesla PG503-216, 27 %, 10 %, 4348 MiB, 46
2026/04/16 00:57:45.212, Tesla PG503-216, 39 %, 15 %, 4348 MiB, 47
2026/04/16 00:57:46.213, Tesla PG503-216, 34 %, 14 %, 4348 MiB, 47
2026/04/16 00:57:47.213, Tesla PG503-216, 29 %, 12 %, 4348 MiB, 46
2026/04/16 00:57:48.214, Tesla PG503-216, 32 %, 12 %, 4348 MiB, 46
2026/04/16 00:57:49.214, Tesla PG503-216, 40 %, 15 %, 4348 MiB, 48
2026/04/16 00:57:50.215, Tesla PG503-216, 16 %, 5 %, 4348 MiB, 46
2026/04/16 00:57:51.215, Tesla PG503-216, 41 %, 16 %, 4348 MiB, 48
2026/04/16 00:57:52.215, Tesla PG503-216, 33 %, 13 %, 4348 MiB, 46
2026/04/16 00:57:53.216, Tesla PG503-216, 40 %, 15 %, 4348 MiB, 48
2026/04/16 00:57:54.216, Tesla PG503-216, 34 %, 15 %, 4348 MiB, 47
2026/04/16 00:57:55.217, Tesla PG503-216, 13 %, 5 %, 4348 MiB, 47
2026/04/16 00:57:56.217, Tesla PG503-216, 15 %, 6 %, 4348 MiB, 46
2026/04/16 00:57:57.218, Tesla PG503-216, 40 %, 16 %, 4348 MiB, 46
2026/04/16 00:57:58.218, Tesla PG503-216, 42 %, 16 %, 4348 MiB, 48
2026/04/16 00:57:59.219, Tesla PG503-216, 9 %, 3 %, 4348 MiB, 47
2026/04/16 00:58:00.219, Tesla PG503-216, 40 %, 15 %, 4348 MiB, 46
2026/04/16 00:58:01.219, Tesla PG503-216, 42 %, 16 %, 4348 MiB, 46
2026/04/16 00:58:02.220, Tesla PG503-216, 36 %, 15 %, 4348 MiB, 47
2026/04/16 00:58:03.220, Tesla PG503-216, 41 %, 16 %, 4348 MiB, 46
2026/04/16 00:58:04.221, Tesla PG503-216, 34 %, 14 %, 4348 MiB, 47
2026/04/16 00:58:05.221, Tesla PG503-216, 26 %, 11 %, 4348 MiB, 46
2026/04/16 00:58:06.222, Tesla PG503-216, 14 %, 6 %, 4348 MiB, 47
2026/04/16 00:58:07.222, Tesla PG503-216, 40 %, 15 %, 4348 MiB, 46
2026/04/16 00:58:08.223, Tesla PG503-216, 13 %, 3 %, 4348 MiB, 47
2026/04/16 00:58:09.224, Tesla PG503-216, 34 %, 13 %, 4348 MiB, 46
2026/04/16 00:58:10.224, Tesla PG503-216, 41 %, 16 %, 4348 MiB, 46
2026/04/16 00:58:11.225, Tesla PG503-216, 29 %, 11 %, 4348 MiB, 47
2026/04/16 00:58:12.225, Tesla PG503-216, 26 %, 10 %, 4348 MiB, 46
2026/04/16 00:58:13.226, Tesla PG503-216, 17 %, 6 %, 4348 MiB, 46
2026/04/16 00:58:14.226, Tesla PG503-216, 16 %, 5 %, 4348 MiB, 45
2026/04/16 00:58:15.227, Tesla PG503-216, 41 %, 16 %, 4348 MiB, 46
2026/04/16 00:58:16.228, Tesla PG503-216, 41 %, 16 %, 4348 MiB, 46
2026/04/16 00:58:17.228, Tesla PG503-216, 18 %, 7 %, 4348 MiB, 48
2026/04/16 00:58:18.229, Tesla PG503-216, 40 %, 15 %, 4348 MiB, 46
2026/04/16 00:58:19.229, Tesla PG503-216, 28 %, 11 %, 4348 MiB, 48
2026/04/16 00:58:20.230, Tesla PG503-216, 38 %, 15 %, 4348 MiB, 46
2026/04/16 00:58:21.230, Tesla PG503-216, 23 %, 9 %, 4348 MiB, 47
2026/04/16 00:58:22.231, Tesla PG503-216, 39 %, 16 %, 4348 MiB, 46
2026/04/16 00:58:23.232, Tesla PG503-216, 36 %, 16 %, 4348 MiB, 46
2026/04/16 00:58:24.232, Tesla PG503-216, 9 %, 2 %, 4348 MiB, 46
2026/04/16 00:58:25.232, Tesla PG503-216, 20 %, 7 %, 4348 MiB, 46
2026/04/16 00:58:26.233, Tesla PG503-216, 40 %, 15 %, 4348 MiB, 48
2026/04/16 00:58:27.233, Tesla PG503-216, 16 %, 6 %, 4348 MiB, 46
2026/04/16 00:58:28.234, Tesla PG503-216, 41 %, 16 %, 4348 MiB, 48
2026/04/16 00:58:29.234, Tesla PG503-216, 7 %, 0 %, 4348 MiB, 46
2026/04/16 00:58:30.235, Tesla PG503-216, 40 %, 16 %, 4348 MiB, 46
2026/04/16 00:58:31.235, Tesla PG503-216, 40 %, 16 %, 4348 MiB, 46
2026/04/16 00:58:32.236, Tesla PG503-216, 25 %, 9 %, 4348 MiB, 46
2026/04/16 00:58:33.236, Tesla PG503-216, 41 %, 16 %, 4348 MiB, 46
2026/04/16 00:58:34.237, Tesla PG503-216, 41 %, 16 %, 4348 MiB, 46
2026/04/16 00:58:35.237, Tesla PG503-216, 39 %, 15 %, 4348 MiB, 46
2026/04/16 00:58:36.238, Tesla PG503-216, 15 %, 6 %, 4348 MiB, 46
2026/04/16 00:58:37.238, Tesla PG503-216, 31 %, 12 %, 4348 MiB, 46
2026/04/16 00:58:38.239, Tesla PG503-216, 40 %, 15 %, 4348 MiB, 47
2026/04/16 00:58:39.239, Tesla PG503-216, 30 %, 12 %, 4348 MiB, 47
2026/04/16 00:58:40.240, Tesla PG503-216, 9 %, 3 %, 4348 MiB, 47
2026/04/16 00:58:41.240, Tesla PG503-216, 13 %, 5 %, 4348 MiB, 46
2026/04/16 00:58:42.241, Tesla PG503-216, 27 %, 10 %, 4348 MiB, 46
2026/04/16 00:58:43.241, Tesla PG503-216, 41 %, 16 %, 4348 MiB, 47
2026/04/16 00:58:44.242, Tesla PG503-216, 10 %, 3 %, 4348 MiB, 46
2026/04/16 00:58:45.243, Tesla PG503-216, 39 %, 15 %, 4348 MiB, 46
2026/04/16 00:58:46.243, Tesla PG503-216, 19 %, 7 %, 4348 MiB, 47
2026/04/16 00:58:47.244, Tesla PG503-216, 39 %, 15 %, 4348 MiB, 46
2026/04/16 00:58:48.244, Tesla PG503-216, 25 %, 9 %, 4348 MiB, 46
2026/04/16 00:58:49.245, Tesla PG503-216, 36 %, 14 %, 4348 MiB, 46
2026/04/16 00:58:50.245, Tesla PG503-216, 40 %, 16 %, 4348 MiB, 46
2026/04/16 00:58:51.246, Tesla PG503-216, 39 %, 16 %, 4348 MiB, 46
2026/04/16 00:58:52.246, Tesla PG503-216, 10 %, 3 %, 4348 MiB, 47
2026/04/16 00:58:53.247, Tesla PG503-216, 41 %, 16 %, 4348 MiB, 46
2026/04/16 00:58:54.247, Tesla PG503-216, 41 %, 16 %, 4348 MiB, 46
2026/04/16 00:58:55.248, Tesla PG503-216, 7 %, 1 %, 4348 MiB, 47
2026/04/16 00:58:56.248, Tesla PG503-216, 40 %, 15 %, 4348 MiB, 46
2026/04/16 00:58:57.248, Tesla PG503-216, 35 %, 15 %, 4348 MiB, 46
2026/04/16 00:58:58.249, Tesla PG503-216, 28 %, 11 %, 4348 MiB, 46
2026/04/16 00:58:59.249, Tesla PG503-216, 40 %, 15 %, 4348 MiB, 46
2026/04/16 00:59:00.250, Tesla PG503-216, 36 %, 15 %, 4348 MiB, 47
2026/04/16 00:59:01.250, Tesla PG503-216, 12 %, 6 %, 4348 MiB, 46
2026/04/16 00:59:02.251, Tesla PG503-216, 12 %, 5 %, 4348 MiB, 46
2026/04/16 00:59:03.251, Tesla PG503-216, 40 %, 16 %, 4348 MiB, 46
2026/04/16 00:59:04.252, Tesla PG503-216, 42 %, 16 %, 4348 MiB, 46
2026/04/16 00:59:05.252, Tesla PG503-216, 31 %, 13 %, 4348 MiB, 47
2026/04/16 00:59:06.253, Tesla PG503-216, 37 %, 15 %, 4348 MiB, 46
2026/04/16 00:59:07.253, Tesla PG503-216, 43 %, 17 %, 4348 MiB, 46
2026/04/16 00:59:08.254, Tesla PG503-216, 41 %, 16 %, 4348 MiB, 46
2026/04/16 00:59:09.254, Tesla PG503-216, 5 %, 0 %, 4348 MiB, 47
2026/04/16 00:59:10.255, Tesla PG503-216, 40 %, 16 %, 4348 MiB, 46
2026/04/16 00:59:11.255, Tesla PG503-216, 39 %, 16 %, 4348 MiB, 46
2026/04/16 00:59:12.256, Tesla PG503-216, 41 %, 16 %, 4348 MiB, 46
2026/04/16 00:59:13.256, Tesla PG503-216, 9 %, 2 %, 4348 MiB, 47
2026/04/16 00:59:14.257, Tesla PG503-216, 41 %, 16 %, 4348 MiB, 46
2026/04/16 00:59:15.257, Tesla PG503-216, 35 %, 15 %, 4348 MiB, 46
2026/04/16 00:59:16.258, Tesla PG503-216, 11 %, 3 %, 4348 MiB, 47
2026/04/16 00:59:17.259, Tesla PG503-216, 12 %, 4 %, 4348 MiB, 47
2026/04/16 00:59:18.259, Tesla PG503-216, 41 %, 16 %, 4348 MiB, 46
2026/04/16 00:59:19.260, Tesla PG503-216, 19 %, 8 %, 4348 MiB, 46
2026/04/16 00:59:20.260, Tesla PG503-216, 14 %, 5 %, 4348 MiB, 47
2026/04/16 00:59:21.261, Tesla PG503-216, 39 %, 15 %, 4348 MiB, 46
2026/04/16 00:59:22.261, Tesla PG503-216, 37 %, 14 %, 4348 MiB, 47
2026/04/16 00:59:23.262, Tesla PG503-216, 32 %, 13 %, 4348 MiB, 46
2026/04/16 00:59:24.262, Tesla PG503-216, 41 %, 16 %, 4348 MiB, 46
2026/04/16 00:59:25.263, Tesla PG503-216, 41 %, 16 %, 4348 MiB, 47
2026/04/16 00:59:26.263, Tesla PG503-216, 14 %, 4 %, 4348 MiB, 46
2026/04/16 00:59:27.264, Tesla PG503-216, 42 %, 16 %, 4348 MiB, 46
2026/04/16 00:59:28.264, Tesla PG503-216, 32 %, 13 %, 4348 MiB, 47
2026/04/16 00:59:29.265, Tesla PG503-216, 33 %, 14 %, 4348 MiB, 48
2026/04/16 00:59:30.265, Tesla PG503-216, 37 %, 14 %, 4348 MiB, 46
2026/04/16 00:59:31.266, Tesla PG503-216, 19 %, 7 %, 4348 MiB, 48
2026/04/16 00:59:32.266, Tesla PG503-216, 9 %, 2 %, 4348 MiB, 46
2026/04/16 00:59:33.266, Tesla PG503-216, 39 %, 15 %, 4348 MiB, 46
2026/04/16 00:59:34.267, Tesla PG503-216, 36 %, 16 %, 4348 MiB, 46
2026/04/16 00:59:35.267, Tesla PG503-216, 9 %, 2 %, 4348 MiB, 47
2026/04/16 00:59:36.268, Tesla PG503-216, 40 %, 15 %, 4348 MiB, 46
2026/04/16 00:59:37.268, Tesla PG503-216, 18 %, 7 %, 4348 MiB, 48
2026/04/16 00:59:38.269, Tesla PG503-216, 16 %, 6 %, 4348 MiB, 47
2026/04/16 00:59:39.269, Tesla PG503-216, 40 %, 15 %, 4348 MiB, 46
2026/04/16 00:59:40.270, Tesla PG503-216, 41 %, 16 %, 4348 MiB, 46
2026/04/16 00:59:41.270, Tesla PG503-216, 38 %, 16 %, 4348 MiB, 46
2026/04/16 00:59:42.271, Tesla PG503-216, 19 %, 7 %, 4348 MiB, 48
2026/04/16 00:59:43.271, Tesla PG503-216, 27 %, 10 %, 4348 MiB, 46
2026/04/16 00:59:44.271, Tesla PG503-216, 40 %, 15 %, 4348 MiB, 46
2026/04/16 00:59:45.272, Tesla PG503-216, 13 %, 5 %, 4348 MiB, 47
2026/04/16 00:59:46.272, Tesla PG503-216, 30 %, 12 %, 4348 MiB, 47
2026/04/16 00:59:47.273, Tesla PG503-216, 39 %, 15 %, 4348 MiB, 46
2026/04/16 00:59:48.273, Tesla PG503-216, 12 %, 4 %, 4348 MiB, 48
2026/04/16 00:59:49.273, Tesla PG503-216, 16 %, 5 %, 4348 MiB, 46
2026/04/16 00:59:50.274, Tesla PG503-216, 16 %, 6 %, 4348 MiB, 46
2026/04/16 00:59:51.274, Tesla PG503-216, 14 %, 4 %, 4348 MiB, 47
2026/04/16 00:59:52.275, Tesla PG503-216, 42 %, 16 %, 4348 MiB, 46
2026/04/16 00:59:53.275, Tesla PG503-216, 41 %, 16 %, 4348 MiB, 46
2026/04/16 00:59:54.276, Tesla PG503-216, 5 %, 2 %, 4348 MiB, 46
2026/04/16 00:59:55.276, Tesla PG503-216, 5 %, 1 %, 4348 MiB, 47
2026/04/16 00:59:56.277, Tesla PG503-216, 40 %, 15 %, 4348 MiB, 46
2026/04/16 00:59:57.277, Tesla PG503-216, 13 %, 4 %, 4348 MiB, 47
2026/04/16 00:59:58.278, Tesla PG503-216, 37 %, 15 %, 4348 MiB, 47
2026/04/16 00:59:59.278, Tesla PG503-216, 36 %, 15 %, 4348 MiB, 46
2026/04/16 01:00:00.279, Tesla PG503-216, 2 %, 0 %, 4348 MiB, 46
2026/04/16 01:00:01.279, Tesla PG503-216, 16 %, 6 %, 4348 MiB, 46
2026/04/16 01:00:02.279, Tesla PG503-216, 30 %, 11 %, 4348 MiB, 47
2026/04/16 01:00:03.280, Tesla PG503-216, 42 %, 16 %, 4348 MiB, 46
2026/04/16 01:00:04.280, Tesla PG503-216, 40 %, 16 %, 4348 MiB, 46
2026/04/16 01:00:05.281, Tesla PG503-216, 35 %, 13 %, 4348 MiB, 47
2026/04/16 01:00:06.281, Tesla PG503-216, 41 %, 16 %, 4348 MiB, 46
2026/04/16 01:00:07.282, Tesla PG503-216, 17 %, 7 %, 4348 MiB, 46
2026/04/16 01:00:08.282, Tesla PG503-216, 8 %, 2 %, 4348 MiB, 46
2026/04/16 01:00:09.283, Tesla PG503-216, 9 %, 3 %, 4348 MiB, 46
2026/04/16 01:00:10.283, Tesla PG503-216, 39 %, 15 %, 4348 MiB, 46
2026/04/16 01:00:11.284, Tesla PG503-216, 16 %, 6 %, 4348 MiB, 46
2026/04/16 01:00:12.284, Tesla PG503-216, 31 %, 12 %, 4348 MiB, 46
2026/04/16 01:00:13.285, Tesla PG503-216, 42 %, 16 %, 4348 MiB, 47
2026/04/16 01:00:14.285, Tesla PG503-216, 17 %, 6 %, 4348 MiB, 46
2026/04/16 01:00:15.286, Tesla PG503-216, 5 %, 0 %, 4348 MiB, 46
2026/04/16 01:00:16.286, Tesla PG503-216, 8 %, 1 %, 4348 MiB, 46
2026/04/16 01:00:17.286, Tesla PG503-216, 40 %, 16 %, 4348 MiB, 46
2026/04/16 01:00:18.287, Tesla PG503-216, 39 %, 15 %, 4348 MiB, 48
2026/04/16 01:00:19.287, Tesla PG503-216, 16 %, 6 %, 4348 MiB, 46
2026/04/16 01:00:20.288, Tesla PG503-216, 39 %, 15 %, 4348 MiB, 47
2026/04/16 01:00:21.288, Tesla PG503-216, 8 %, 2 %, 4348 MiB, 46
2026/04/16 01:00:22.289, Tesla PG503-216, 46 %, 17 %, 4348 MiB, 46
2026/04/16 01:00:23.289, Tesla PG503-216, 40 %, 15 %, 4348 MiB, 46
2026/04/16 01:00:24.290, Tesla PG503-216, 41 %, 16 %, 4348 MiB, 47
2026/04/16 01:00:25.290, Tesla PG503-216, 18 %, 7 %, 4348 MiB, 47
2026/04/16 01:00:26.291, Tesla PG503-216, 23 %, 9 %, 4348 MiB, 46
2026/04/16 01:00:27.291, Tesla PG503-216, 41 %, 16 %, 4348 MiB, 46
2026/04/16 01:00:28.291, Tesla PG503-216, 41 %, 16 %, 4348 MiB, 46
2026/04/16 01:00:29.292, Tesla PG503-216, 40 %, 15 %, 4348 MiB, 46
2026/04/16 01:00:30.292, Tesla PG503-216, 12 %, 3 %, 4348 MiB, 46
2026/04/16 01:00:31.293, Tesla PG503-216, 42 %, 16 %, 4348 MiB, 46
2026/04/16 01:00:32.293, Tesla PG503-216, 35 %, 15 %, 4348 MiB, 46
2026/04/16 01:00:33.294, Tesla PG503-216, 25 %, 9 %, 4348 MiB, 47
2026/04/16 01:00:34.294, Tesla PG503-216, 27 %, 10 %, 4348 MiB, 46
2026/04/16 01:00:35.295, Tesla PG503-216, 41 %, 16 %, 4348 MiB, 46
2026/04/16 01:00:36.295, Tesla PG503-216, 8 %, 2 %, 4348 MiB, 46
2026/04/16 01:00:37.295, Tesla PG503-216, 16 %, 5 %, 4348 MiB, 45
2026/04/16 01:00:38.296, Tesla PG503-216, 16 %, 6 %, 4348 MiB, 45
2026/04/16 01:00:39.296, Tesla PG503-216, 10 %, 3 %, 4348 MiB, 45
2026/04/16 01:00:40.297, Tesla PG503-216, 4 %, 1 %, 4348 MiB, 46
2026/04/16 01:00:41.297, Tesla PG503-216, 41 %, 16 %, 4348 MiB, 46
2026/04/16 01:00:42.298, Tesla PG503-216, 40 %, 15 %, 4348 MiB, 46
2026/04/16 01:00:43.298, Tesla PG503-216, 27 %, 11 %, 4348 MiB, 46
2026/04/16 01:00:44.299, Tesla PG503-216, 41 %, 16 %, 4348 MiB, 46
2026/04/16 01:00:45.299, Tesla PG503-216, 42 %, 17 %, 4348 MiB, 46
2026/04/16 01:00:46.299, Tesla PG503-216, 19 %, 7 %, 4348 MiB, 46
2026/04/16 01:00:47.300, Tesla PG503-216, 43 %, 17 %, 4348 MiB, 46
2026/04/16 01:00:48.300, Tesla PG503-216, 37 %, 15 %, 4348 MiB, 46
2026/04/16 01:00:49.301, Tesla PG503-216, 5 %, 1 %, 4348 MiB, 46
2026/04/16 01:00:50.301, Tesla PG503-216, 41 %, 16 %, 4348 MiB, 47
2026/04/16 01:00:51.302, Tesla PG503-216, 41 %, 16 %, 4348 MiB, 46
2026/04/16 01:00:52.302, Tesla PG503-216, 3 %, 0 %, 4348 MiB, 46
2026/04/16 01:00:53.303, Tesla PG503-216, 40 %, 16 %, 4348 MiB, 48
2026/04/16 01:00:54.303, Tesla PG503-216, 42 %, 16 %, 4348 MiB, 46
2026/04/16 01:00:55.304, Tesla PG503-216, 14 %, 6 %, 4348 MiB, 46
2026/04/16 01:00:56.304, Tesla PG503-216, 25 %, 10 %, 4348 MiB, 46
2026/04/16 01:00:57.305, Tesla PG503-216, 42 %, 17 %, 4348 MiB, 47
2026/04/16 01:00:58.305, Tesla PG503-216, 41 %, 16 %, 4348 MiB, 47
2026/04/16 01:00:59.306, Tesla PG503-216, 13 %, 4 %, 4348 MiB, 46
2026/04/16 01:01:00.306, Tesla PG503-216, 42 %, 16 %, 4348 MiB, 46
2026/04/16 01:01:01.307, Tesla PG503-216, 19 %, 7 %, 4348 MiB, 46
2026/04/16 01:01:02.307, Tesla PG503-216, 19 %, 7 %, 4348 MiB, 46
2026/04/16 01:01:03.308, Tesla PG503-216, 40 %, 16 %, 4348 MiB, 47
2026/04/16 01:01:04.308, Tesla PG503-216, 13 %, 5 %, 4348 MiB, 46
2026/04/16 01:01:05.309, Tesla PG503-216, 40 %, 15 %, 4348 MiB, 46
2026/04/16 01:01:06.309, Tesla PG503-216, 36 %, 16 %, 4348 MiB, 47
2026/04/16 01:01:07.310, Tesla PG503-216, 34 %, 13 %, 4348 MiB, 46
2026/04/16 01:01:08.310, Tesla PG503-216, 41 %, 16 %, 4348 MiB, 46
2026/04/16 01:01:09.310, Tesla PG503-216, 7 %, 1 %, 4348 MiB, 46
2026/04/16 01:01:10.311, Tesla PG503-216, 9 %, 3 %, 4348 MiB, 46
2026/04/16 01:01:11.311, Tesla PG503-216, 26 %, 10 %, 4348 MiB, 46
2026/04/16 01:01:12.312, Tesla PG503-216, 40 %, 16 %, 4348 MiB, 47
2026/04/16 01:01:13.312, Tesla PG503-216, 27 %, 11 %, 4348 MiB, 47
2026/04/16 01:01:14.313, Tesla PG503-216, 35 %, 15 %, 4348 MiB, 48
2026/04/16 01:01:15.313, Tesla PG503-216, 6 %, 0 %, 4348 MiB, 46
2026/04/16 01:01:16.314, Tesla PG503-216, 9 %, 2 %, 4348 MiB, 47
2026/04/16 01:01:17.314, Tesla PG503-216, 40 %, 15 %, 4348 MiB, 46
2026/04/16 01:01:18.314, Tesla PG503-216, 31 %, 13 %, 4348 MiB, 47
2026/04/16 01:01:19.315, Tesla PG503-216, 26 %, 10 %, 4348 MiB, 47
2026/04/16 01:01:20.315, Tesla PG503-216, 16 %, 6 %, 4348 MiB, 46
2026/04/16 01:01:21.316, Tesla PG503-216, 40 %, 15 %, 4348 MiB, 46
2026/04/16 01:01:22.316, Tesla PG503-216, 42 %, 16 %, 4348 MiB, 46
2026/04/16 01:01:23.317, Tesla PG503-216, 40 %, 15 %, 4348 MiB, 46
2026/04/16 01:01:24.317, Tesla PG503-216, 31 %, 13 %, 4348 MiB, 46
2026/04/16 01:01:25.318, Tesla PG503-216, 9 %, 2 %, 4348 MiB, 46
2026/04/16 01:01:26.318, Tesla PG503-216, 17 %, 6 %, 4348 MiB, 45
2026/04/16 01:01:27.319, Tesla PG503-216, 21 %, 6 %, 4348 MiB, 45
2026/04/16 01:01:28.319, Tesla PG503-216, 35 %, 14 %, 4348 MiB, 46
2026/04/16 01:01:29.320, Tesla PG503-216, 41 %, 16 %, 4348 MiB, 46
2026/04/16 01:01:30.320, Tesla PG503-216, 12 %, 4 %, 4348 MiB, 47
2026/04/16 01:01:31.320, Tesla PG503-216, 7 %, 2 %, 4348 MiB, 46
2026/04/16 01:01:32.321, Tesla PG503-216, 31 %, 12 %, 4348 MiB, 46
2026/04/16 01:01:33.321, Tesla PG503-216, 41 %, 16 %, 4348 MiB, 46
2026/04/16 01:01:34.322, Tesla PG503-216, 40 %, 15 %, 4348 MiB, 46
2026/04/16 01:01:35.322, Tesla PG503-216, 31 %, 13 %, 4348 MiB, 46
2026/04/16 01:01:36.323, Tesla PG503-216, 28 %, 10 %, 4348 MiB, 47
2026/04/16 01:01:37.323, Tesla PG503-216, 41 %, 16 %, 4348 MiB, 46
2026/04/16 01:01:38.324, Tesla PG503-216, 9 %, 2 %, 4348 MiB, 46
2026/04/16 01:01:39.324, Tesla PG503-216, 15 %, 5 %, 4348 MiB, 47
2026/04/16 01:01:40.325, Tesla PG503-216, 12 %, 4 %, 4348 MiB, 46
2026/04/16 01:01:41.325, Tesla PG503-216, 37 %, 15 %, 4348 MiB, 46
2026/04/16 01:01:42.326, Tesla PG503-216, 31 %, 12 %, 4348 MiB, 46
2026/04/16 01:01:43.326, Tesla PG503-216, 41 %, 16 %, 4348 MiB, 46
2026/04/16 01:01:44.327, Tesla PG503-216, 39 %, 16 %, 4348 MiB, 48
2026/04/16 01:01:45.327, Tesla PG503-216, 25 %, 10 %, 4348 MiB, 47
2026/04/16 01:01:46.328, Tesla PG503-216, 11 %, 4 %, 4348 MiB, 46
2026/04/16 01:01:47.328, Tesla PG503-216, 40 %, 15 %, 4348 MiB, 46
2026/04/16 01:01:48.329, Tesla PG503-216, 35 %, 15 %, 4348 MiB, 47
2026/04/16 01:01:49.329, Tesla PG503-216, 4 %, 1 %, 4348 MiB, 46
2026/04/16 01:01:50.330, Tesla PG503-216, 40 %, 15 %, 4348 MiB, 46
2026/04/16 01:01:51.330, Tesla PG503-216, 8 %, 3 %, 4348 MiB, 46
2026/04/16 01:01:52.330, Tesla PG503-216, 10 %, 3 %, 4348 MiB, 46
2026/04/16 01:01:53.331, Tesla PG503-216, 25 %, 10 %, 4348 MiB, 46
2026/04/16 01:01:54.331, Tesla PG503-216, 40 %, 15 %, 4348 MiB, 46
2026/04/16 01:01:55.332, Tesla PG503-216, 40 %, 16 %, 4348 MiB, 47
2026/04/16 01:01:56.332, Tesla PG503-216, 37 %, 16 %, 4348 MiB, 47
2026/04/16 01:01:57.333, Tesla PG503-216, 11 %, 4 %, 4348 MiB, 47
2026/04/16 01:01:58.333, Tesla PG503-216, 40 %, 15 %, 4348 MiB, 46
2026/04/16 01:01:59.334, Tesla PG503-216, 32 %, 13 %, 4348 MiB, 47
2026/04/16 01:02:00.334, Tesla PG503-216, 25 %, 10 %, 4348 MiB, 46
2026/04/16 01:02:01.334, Tesla PG503-216, 40 %, 15 %, 4348 MiB, 46
2026/04/16 01:02:02.335, Tesla PG503-216, 42 %, 16 %, 4348 MiB, 46
2026/04/16 01:02:03.335, Tesla PG503-216, 23 %, 9 %, 4348 MiB, 48
2026/04/16 01:02:04.336, Tesla PG503-216, 27 %, 10 %, 4348 MiB, 46
2026/04/16 01:02:05.336, Tesla PG503-216, 20 %, 8 %, 4348 MiB, 46
2026/04/16 01:02:06.337, Tesla PG503-216, 41 %, 16 %, 4348 MiB, 46
2026/04/16 01:02:07.337, Tesla PG503-216, 40 %, 15 %, 4348 MiB, 46
2026/04/16 01:02:08.338, Tesla PG503-216, 37 %, 16 %, 4348 MiB, 46
2026/04/16 01:02:09.338, Tesla PG503-216, 3 %, 1 %, 4348 MiB, 47
2026/04/16 01:02:10.339, Tesla PG503-216, 30 %, 12 %, 4348 MiB, 46
2026/04/16 01:02:11.339, Tesla PG503-216, 40 %, 15 %, 4348 MiB, 46
2026/04/16 01:02:12.340, Tesla PG503-216, 41 %, 16 %, 4348 MiB, 46
2026/04/16 01:02:13.340, Tesla PG503-216, 33 %, 14 %, 4348 MiB, 46
2026/04/16 01:02:14.340, Tesla PG503-216, 16 %, 6 %, 4348 MiB, 46
2026/04/16 01:02:15.341, Tesla PG503-216, 16 %, 6 %, 4348 MiB, 45
2026/04/16 01:02:16.341, Tesla PG503-216, 1 %, 0 %, 4348 MiB, 47
2026/04/16 01:02:17.342, Tesla PG503-216, 23 %, 9 %, 4348 MiB, 47
2026/04/16 01:02:18.342, Tesla PG503-216, 33 %, 13 %, 4348 MiB, 46
2026/04/16 01:02:19.343, Tesla PG503-216, 19 %, 7 %, 4348 MiB, 47
2026/04/16 01:02:20.343, Tesla PG503-216, 39 %, 15 %, 4348 MiB, 46
2026/04/16 01:02:21.344, Tesla PG503-216, 41 %, 16 %, 4348 MiB, 46
2026/04/16 01:02:22.344, Tesla PG503-216, 12 %, 4 %, 4348 MiB, 47
2026/04/16 01:02:23.345, Tesla PG503-216, 26 %, 10 %, 4348 MiB, 47
2026/04/16 01:02:24.345, Tesla PG503-216, 41 %, 16 %, 4348 MiB, 46
2026/04/16 01:02:25.346, Tesla PG503-216, 41 %, 16 %, 4348 MiB, 46
2026/04/16 01:02:26.346, Tesla PG503-216, 13 %, 4 %, 4348 MiB, 47
2026/04/16 01:02:27.347, Tesla PG503-216, 41 %, 16 %, 4348 MiB, 46
2026/04/16 01:02:28.347, Tesla PG503-216, 13 %, 4 %, 4348 MiB, 46
2026/04/16 01:02:29.348, Tesla PG503-216, 41 %, 16 %, 4348 MiB, 46
2026/04/16 01:02:30.348, Tesla PG503-216, 28 %, 11 %, 4348 MiB, 46
2026/04/16 01:02:31.349, Tesla PG503-216, 35 %, 14 %, 4348 MiB, 47
2026/04/16 01:02:32.349, Tesla PG503-216, 38 %, 16 %, 4348 MiB, 46
2026/04/16 01:02:33.350, Tesla PG503-216, 34 %, 14 %, 4348 MiB, 46
2026/04/16 01:02:34.350, Tesla PG503-216, 41 %, 16 %, 4348 MiB, 46
2026/04/16 01:02:35.351, Tesla PG503-216, 32 %, 13 %, 4348 MiB, 46
2026/04/16 01:02:36.351, Tesla PG503-216, 27 %, 10 %, 4348 MiB, 47
2026/04/16 01:02:37.352, Tesla PG503-216, 40 %, 16 %, 4348 MiB, 46
2026/04/16 01:02:38.352, Tesla PG503-216, 14 %, 5 %, 4348 MiB, 46
2026/04/16 01:02:39.352, Tesla PG503-216, 29 %, 11 %, 4348 MiB, 47
2026/04/16 01:02:40.353, Tesla PG503-216, 19 %, 7 %, 4348 MiB, 46
2026/04/16 01:02:41.353, Tesla PG503-216, 42 %, 16 %, 4348 MiB, 46
2026/04/16 01:02:42.354, Tesla PG503-216, 39 %, 16 %, 4348 MiB, 48
2026/04/16 01:02:43.354, Tesla PG503-216, 7 %, 1 %, 4348 MiB, 46
2026/04/16 01:02:44.355, Tesla PG503-216, 40 %, 16 %, 4348 MiB, 46
2026/04/16 01:02:45.355, Tesla PG503-216, 41 %, 16 %, 4348 MiB, 47
2026/04/16 01:02:46.356, Tesla PG503-216, 16 %, 5 %, 4348 MiB, 46
2026/04/16 01:02:47.356, Tesla PG503-216, 40 %, 15 %, 4348 MiB, 46
2026/04/16 01:02:48.357, Tesla PG503-216, 32 %, 13 %, 4348 MiB, 46
2026/04/16 01:02:49.357, Tesla PG503-216, 41 %, 16 %, 4348 MiB, 46
2026/04/16 01:02:50.358, Tesla PG503-216, 26 %, 10 %, 4348 MiB, 48
2026/04/16 01:02:51.358, Tesla PG503-216, 19 %, 7 %, 4348 MiB, 46
2026/04/16 01:02:52.359, Tesla PG503-216, 15 %, 6 %, 4348 MiB, 47
2026/04/16 01:02:53.359, Tesla PG503-216, 40 %, 15 %, 4348 MiB, 46
2026/04/16 01:02:54.360, Tesla PG503-216, 37 %, 15 %, 4348 MiB, 46
2026/04/16 01:02:55.360, Tesla PG503-216, 42 %, 16 %, 4348 MiB, 46
2026/04/16 01:02:56.361, Tesla PG503-216, 37 %, 16 %, 4348 MiB, 46
2026/04/16 01:02:57.361, Tesla PG503-216, 20 %, 8 %, 4348 MiB, 47
2026/04/16 01:02:58.362, Tesla PG503-216, 37 %, 15 %, 4348 MiB, 46
2026/04/16 01:02:59.362, Tesla PG503-216, 26 %, 10 %, 4348 MiB, 46
2026/04/16 01:03:00.362, Tesla PG503-216, 30 %, 11 %, 4348 MiB, 47
2026/04/16 01:03:01.363, Tesla PG503-216, 41 %, 16 %, 4348 MiB, 46
2026/04/16 01:03:02.363, Tesla PG503-216, 11 %, 6 %, 4348 MiB, 46
2026/04/16 01:03:03.364, Tesla PG503-216, 16 %, 5 %, 4348 MiB, 46
2026/04/16 01:03:04.364, Tesla PG503-216, 0 %, 0 %, 4348 MiB, 45
2026/04/16 01:03:05.365, Tesla PG503-216, 0 %, 0 %, 5 MiB, 44
2026/04/16 01:03:06.365, Tesla PG503-216, 0 %, 0 %, 5 MiB, 44
2026/04/16 01:03:07.365, Tesla PG503-216, 0 %, 0 %, 5 MiB, 44
2026/04/16 01:03:08.366, Tesla PG503-216, 0 %, 0 %, 5 MiB, 44
2026/04/16 01:03:09.366, Tesla PG503-216, 0 %, 0 %, 5 MiB, 44
2026/04/16 01:03:10.367, Tesla PG503-216, 0 %, 0 %, 5 MiB, 44
2026/04/16 01:03:11.367, Tesla PG503-216, 0 %, 0 %, 5 MiB, 44
2026/04/16 01:03:12.368, Tesla PG503-216, 0 %, 0 %, 5 MiB, 44
2026/04/16 01:03:13.368, Tesla PG503-216, 0 %, 0 %, 5 MiB, 44
2026/04/16 01:03:14.369, Tesla PG503-216, 0 %, 0 %, 5 MiB, 44
2026/04/16 01:03:15.369, Tesla PG503-216, 0 %, 0 %, 5 MiB, 43
2026/04/16 01:03:16.370, Tesla PG503-216, 0 %, 0 %, 5 MiB, 43
2026/04/16 01:03:17.370, Tesla PG503-216, 0 %, 0 %, 5 MiB, 43
2026/04/16 01:03:18.370, Tesla PG503-216, 0 %, 0 %, 5 MiB, 43
2026/04/16 01:03:19.371, Tesla PG503-216, 0 %, 0 %, 5 MiB, 43
2026/04/16 01:03:20.371, Tesla PG503-216, 0 %, 0 %, 5 MiB, 43
2026/04/16 01:03:21.371, Tesla PG503-216, 0 %, 0 %, 5 MiB, 43
2026/04/16 01:03:22.372, Tesla PG503-216, 0 %, 0 %, 5 MiB, 43
2026/04/16 01:03:23.373, Tesla PG503-216, 0 %, 0 %, 5 MiB, 43
2026/04/16 01:03:24.373, Tesla PG503-216, 0 %, 0 %, 5 MiB, 43
2026/04/16 01:03:25.374, Tesla PG503-216, 0 %, 0 %, 5 MiB, 43
2026/04/16 01:03:26.374, Tesla PG503-216, 0 %, 0 %, 5 MiB, 43
2026/04/16 01:03:27.374, Tesla PG503-216, 0 %, 0 %, 5 MiB, 43
2026/04/16 01:03:28.375, Tesla PG503-216, 0 %, 0 %, 5 MiB, 43
2026/04/16 01:03:29.375, Tesla PG503-216, 0 %, 0 %, 5 MiB, 43
2026/04/16 01:03:30.376, Tesla PG503-216, 0 %, 0 %, 5 MiB, 43
2026/04/16 01:03:31.376, Tesla PG503-216, 0 %, 0 %, 5 MiB, 43
2026/04/16 01:03:32.377, Tesla PG503-216, 0 %, 0 %, 5 MiB, 43
2026/04/16 01:03:33.377, Tesla PG503-216, 0 %, 0 %, 5 MiB, 43
2026/04/16 01:03:34.377, Tesla PG503-216, 0 %, 0 %, 5 MiB, 42
2026/04/16 01:03:35.378, Tesla PG503-216, 0 %, 0 %, 5 MiB, 42
2026/04/16 01:03:36.378, Tesla PG503-216, 0 %, 0 %, 5 MiB, 42
2026/04/16 01:03:37.379, Tesla PG503-216, 0 %, 0 %, 5 MiB, 42
2026/04/16 01:03:38.379, Tesla PG503-216, 0 %, 0 %, 5 MiB, 42
2026/04/16 01:03:39.379, Tesla PG503-216, 0 %, 0 %, 5 MiB, 42
2026/04/16 01:03:40.380, Tesla PG503-216, 0 %, 0 %, 5 MiB, 42
2026/04/16 01:03:41.380, Tesla PG503-216, 0 %, 0 %, 5 MiB, 42
2026/04/16 01:03:42.381, Tesla PG503-216, 0 %, 0 %, 5 MiB, 42
2026/04/16 01:03:43.381, Tesla PG503-216, 0 %, 0 %, 5 MiB, 42
2026/04/16 01:03:44.382, Tesla PG503-216, 0 %, 0 %, 5 MiB, 42
2026/04/16 01:03:45.382, Tesla PG503-216, 0 %, 0 %, 5 MiB, 42
2026/04/16 01:03:46.382, Tesla PG503-216, 0 %, 0 %, 5 MiB, 42
2026/04/16 01:03:47.383, Tesla PG503-216, 0 %, 0 %, 5 MiB, 42
2026/04/16 01:03:48.383, Tesla PG503-216, 0 %, 0 %, 5 MiB, 42
2026/04/16 01:03:49.384, Tesla PG503-216, 0 %, 0 %, 5 MiB, 42
2026/04/16 01:03:50.384, Tesla PG503-216, 0 %, 0 %, 5 MiB, 42
2026/04/16 01:03:51.385, Tesla PG503-216, 0 %, 0 %, 5 MiB, 41
2026/04/16 01:03:52.385, Tesla PG503-216, 0 %, 0 %, 5 MiB, 41
2026/04/16 01:03:53.386, Tesla PG503-216, 0 %, 0 %, 5 MiB, 41
2026/04/16 01:03:54.386, Tesla PG503-216, 0 %, 0 %, 5 MiB, 41
2026/04/16 01:03:55.386, Tesla PG503-216, 0 %, 0 %, 5 MiB, 40
2026/04/16 01:03:56.387, Tesla PG503-216, 0 %, 0 %, 5 MiB, 40
2026/04/16 01:03:57.387, Tesla PG503-216, 0 %, 0 %, 5 MiB, 40
2026/04/16 01:03:58.388, Tesla PG503-216, 0 %, 0 %, 5 MiB, 40
2026/04/16 01:03:59.388, Tesla PG503-216, 0 %, 0 %, 5 MiB, 40
2026/04/16 01:04:00.388, Tesla PG503-216, 0 %, 0 %, 5 MiB, 40
2026/04/16 01:04:01.389, Tesla PG503-216, 0 %, 0 %, 5 MiB, 40
2026/04/16 01:04:02.389, Tesla PG503-216, 0 %, 0 %, 5 MiB, 40
2026/04/16 01:04:03.390, Tesla PG503-216, 0 %, 0 %, 5 MiB, 40
2026/04/16 01:04:04.390, Tesla PG503-216, 0 %, 0 %, 5 MiB, 40
2026/04/16 01:04:05.391, Tesla PG503-216, 0 %, 0 %, 5 MiB, 40
2026/04/16 01:04:06.391, Tesla PG503-216, 0 %, 0 %, 5 MiB, 40
2026/04/16 01:04:07.392, Tesla PG503-216, 0 %, 0 %, 5 MiB, 40
2026/04/16 01:04:08.392, Tesla PG503-216, 0 %, 0 %, 5 MiB, 40
2026/04/16 01:04:09.392, Tesla PG503-216, 0 %, 0 %, 5 MiB, 39
2026/04/16 01:04:10.393, Tesla PG503-216, 0 %, 0 %, 5 MiB, 39
2026/04/16 01:04:11.393, Tesla PG503-216, 0 %, 0 %, 5 MiB, 39
2026/04/16 01:04:12.394, Tesla PG503-216, 0 %, 0 %, 5 MiB, 39
2026/04/16 01:04:13.394, Tesla PG503-216, 0 %, 0 %, 5 MiB, 39
2026/04/16 01:04:14.395, Tesla PG503-216, 0 %, 0 %, 5 MiB, 39
2026/04/16 01:04:15.395, Tesla PG503-216, 0 %, 0 %, 5 MiB, 39
2026/04/16 01:04:16.395, Tesla PG503-216, 0 %, 0 %, 5 MiB, 39
2026/04/16 01:04:17.396, Tesla PG503-216, 0 %, 0 %, 5 MiB, 39
2026/04/16 01:04:18.396, Tesla PG503-216, 0 %, 0 %, 5 MiB, 39
2026/04/16 01:04:19.397, Tesla PG503-216, 0 %, 0 %, 5 MiB, 39
2026/04/16 01:04:20.397, Tesla PG503-216, 0 %, 0 %, 5 MiB, 39
2026/04/16 01:04:21.398, Tesla PG503-216, 0 %, 0 %, 5 MiB, 39
2026/04/16 01:04:22.398, Tesla PG503-216, 0 %, 0 %, 5 MiB, 39
2026/04/16 01:04:23.399, Tesla PG503-216, 0 %, 0 %, 5 MiB, 39
2026/04/16 01:04:24.399, Tesla PG503-216, 0 %, 0 %, 5 MiB, 39
2026/04/16 01:04:25.400, Tesla PG503-216, 0 %, 0 %, 5 MiB, 39
2026/04/16 01:04:26.403, Tesla PG503-216, 0 %, 0 %, 5 MiB, 39
2026/04/16 01:04:27.403, Tesla PG503-216, 0 %, 0 %, 5 MiB, 39
2026/04/16 01:04:28.403, Tesla PG503-216, 0 %, 0 %, 5 MiB, 39
2026/04/16 01:04:29.404, Tesla PG503-216, 0 %, 0 %, 5 MiB, 39
2026/04/16 01:04:30.404, Tesla PG503-216, 0 %, 0 %, 5 MiB, 39
2026/04/16 01:04:31.405, Tesla PG503-216, 0 %, 0 %, 5 MiB, 39
2026/04/16 01:04:32.405, Tesla PG503-216, 0 %, 0 %, 5 MiB, 39
2026/04/16 01:04:33.406, Tesla PG503-216, 0 %, 0 %, 5 MiB, 39
2026/04/16 01:04:34.406, Tesla PG503-216, 0 %, 0 %, 5 MiB, 38
2026/04/16 01:04:35.407, Tesla PG503-216, 0 %, 0 %, 5 MiB, 38
2026/04/16 01:04:36.407, Tesla PG503-216, 0 %, 0 %, 5 MiB, 38
2026/04/16 01:04:37.407, Tesla PG503-216, 0 %, 0 %, 5 MiB, 38
2026/04/16 01:04:38.408, Tesla PG503-216, 0 %, 0 %, 5 MiB, 38
2026/04/16 01:04:39.408, Tesla PG503-216, 0 %, 0 %, 5 MiB, 38
2026/04/16 01:04:40.409, Tesla PG503-216, 0 %, 0 %, 5 MiB, 38
2026/04/16 01:04:41.409, Tesla PG503-216, 0 %, 0 %, 5 MiB, 38
2026/04/16 01:04:42.410, Tesla PG503-216, 0 %, 0 %, 5 MiB, 38
2026/04/16 01:04:43.410, Tesla PG503-216, 0 %, 0 %, 5 MiB, 38
2026/04/16 01:04:44.410, Tesla PG503-216, 0 %, 0 %, 5 MiB, 38
2026/04/16 01:04:45.411, Tesla PG503-216, 0 %, 0 %, 5 MiB, 38
2026/04/16 01:04:46.411, Tesla PG503-216, 0 %, 0 %, 5 MiB, 38
2026/04/16 01:04:47.412, Tesla PG503-216, 0 %, 0 %, 5 MiB, 38
2026/04/16 01:04:48.412, Tesla PG503-216, 0 %, 0 %, 5 MiB, 38
2026/04/16 01:04:49.412, Tesla PG503-216, 0 %, 0 %, 5 MiB, 38
2026/04/16 01:04:50.413, Tesla PG503-216, 0 %, 0 %, 5 MiB, 38
2026/04/16 01:04:51.413, Tesla PG503-216, 0 %, 0 %, 5 MiB, 38
2026/04/16 01:04:52.414, Tesla PG503-216, 0 %, 0 %, 5 MiB, 38
2026/04/16 01:04:53.414, Tesla PG503-216, 0 %, 0 %, 5 MiB, 38
2026/04/16 01:04:54.415, Tesla PG503-216, 0 %, 0 %, 5 MiB, 38
2026/04/16 01:04:55.415, Tesla PG503-216, 0 %, 0 %, 5 MiB, 38
2026/04/16 01:04:56.415, Tesla PG503-216, 0 %, 0 %, 5 MiB, 38
2026/04/16 01:04:57.416, Tesla PG503-216, 0 %, 0 %, 5 MiB, 38
2026/04/16 01:04:58.416, Tesla PG503-216, 0 %, 0 %, 5 MiB, 38
2026/04/16 01:04:59.417, Tesla PG503-216, 0 %, 0 %, 5 MiB, 38
2026/04/16 01:05:00.417, Tesla PG503-216, 0 %, 0 %, 5 MiB, 38
2026/04/16 01:05:01.418, Tesla PG503-216, 0 %, 0 %, 5 MiB, 38
2026/04/16 01:05:02.418, Tesla PG503-216, 0 %, 0 %, 5 MiB, 38
2026/04/16 01:05:03.419, Tesla PG503-216, 0 %, 0 %, 5 MiB, 38
2026/04/16 01:05:04.419, Tesla PG503-216, 0 %, 0 %, 5 MiB, 38
2026/04/16 01:05:05.420, Tesla PG503-216, 0 %, 0 %, 5 MiB, 38
2026/04/16 01:05:06.420, Tesla PG503-216, 0 %, 0 %, 5 MiB, 38
2026/04/16 01:05:07.421, Tesla PG503-216, 0 %, 0 %, 5 MiB, 38
2026/04/16 01:05:08.421, Tesla PG503-216, 0 %, 0 %, 5 MiB, 38
2026/04/16 01:05:09.421, Tesla PG503-216, 0 %, 0 %, 5 MiB, 38
2026/04/16 01:05:10.422, Tesla PG503-216, 0 %, 0 %, 5 MiB, 38
2026/04/16 01:05:11.422, Tesla PG503-216, 0 %, 0 %, 5 MiB, 38
2026/04/16 01:05:12.423, Tesla PG503-216, 0 %, 0 %, 5 MiB, 37
2026/04/16 01:05:13.450, Tesla PG503-216, 0 %, 0 %, 5 MiB, 37
2026/04/16 01:05:14.450, Tesla PG503-216, 0 %, 0 %, 5 MiB, 37
2026/04/16 01:05:15.451, Tesla PG503-216, 0 %, 0 %, 5 MiB, 37
2026/04/16 01:05:16.451, Tesla PG503-216, 0 %, 0 %, 5 MiB, 37
2026/04/16 01:05:17.451, Tesla PG503-216, 0 %, 0 %, 5 MiB, 37
2026/04/16 01:05:18.452, Tesla PG503-216, 0 %, 0 %, 5 MiB, 37
2026/04/16 01:05:19.452, Tesla PG503-216, 0 %, 0 %, 5 MiB, 37
2026/04/16 01:05:20.453, Tesla PG503-216, 0 %, 0 %, 5 MiB, 37
2026/04/16 01:05:21.453, Tesla PG503-216, 0 %, 0 %, 5 MiB, 37
2026/04/16 01:05:22.454, Tesla PG503-216, 0 %, 0 %, 5 MiB, 37
2026/04/16 01:05:23.454, Tesla PG503-216, 0 %, 0 %, 5 MiB, 37
2026/04/16 01:05:24.455, Tesla PG503-216, 0 %, 0 %, 5 MiB, 37
2026/04/16 01:05:25.455, Tesla PG503-216, 0 %, 0 %, 5 MiB, 37
2026/04/16 01:05:26.456, Tesla PG503-216, 0 %, 0 %, 5 MiB, 37
2026/04/16 01:05:27.456, Tesla PG503-216, 0 %, 0 %, 5 MiB, 37
2026/04/16 01:05:28.457, Tesla PG503-216, 0 %, 0 %, 5 MiB, 37
2026/04/16 01:05:29.457, Tesla PG503-216, 0 %, 0 %, 5 MiB, 37
2026/04/16 01:05:30.458, Tesla PG503-216, 0 %, 0 %, 5 MiB, 37
2026/04/16 01:05:31.459, Tesla PG503-216, 0 %, 0 %, 5 MiB, 37
2026/04/16 01:05:32.459, Tesla PG503-216, 0 %, 0 %, 5 MiB, 37
2026/04/16 01:05:33.460, Tesla PG503-216, 0 %, 0 %, 5 MiB, 37
2026/04/16 01:05:34.461, Tesla PG503-216, 0 %, 0 %, 5 MiB, 37
2026/04/16 01:05:35.461, Tesla PG503-216, 0 %, 0 %, 5 MiB, 37
2026/04/16 01:05:36.462, Tesla PG503-216, 0 %, 0 %, 5 MiB, 37
2026/04/16 01:05:37.462, Tesla PG503-216, 0 %, 0 %, 5 MiB, 37
2026/04/16 01:05:38.463, Tesla PG503-216, 0 %, 0 %, 5 MiB, 37
2026/04/16 01:05:39.463, Tesla PG503-216, 0 %, 0 %, 5 MiB, 37
2026/04/16 01:05:40.464, Tesla PG503-216, 0 %, 0 %, 5 MiB, 37
2026/04/16 01:05:41.464, Tesla PG503-216, 0 %, 0 %, 5 MiB, 37
2026/04/16 01:05:42.465, Tesla PG503-216, 0 %, 0 %, 5 MiB, 37
2026/04/16 01:05:43.490, Tesla PG503-216, 0 %, 0 %, 5 MiB, 37
2026/04/16 01:05:44.491, Tesla PG503-216, 0 %, 0 %, 5 MiB, 37
2026/04/16 01:05:45.491, Tesla PG503-216, 0 %, 0 %, 5 MiB, 37
2026/04/16 01:05:46.491, Tesla PG503-216, 0 %, 0 %, 5 MiB, 37
2026/04/16 01:05:47.492, Tesla PG503-216, 0 %, 0 %, 5 MiB, 37
2026/04/16 01:05:48.492, Tesla PG503-216, 0 %, 0 %, 5 MiB, 37
2026/04/16 01:05:49.493, Tesla PG503-216, 0 %, 0 %, 5 MiB, 37
2026/04/16 01:05:50.493, Tesla PG503-216, 0 %, 0 %, 5 MiB, 37
2026/04/16 01:05:51.494, Tesla PG503-216, 0 %, 0 %, 5 MiB, 37
2026/04/16 01:05:52.495, Tesla PG503-216, 0 %, 0 %, 5 MiB, 37
2026/04/16 01:05:53.495, Tesla PG503-216, 0 %, 0 %, 5 MiB, 37
2026/04/16 01:05:54.495, Tesla PG503-216, 0 %, 0 %, 5 MiB, 37
2026/04/16 01:05:55.496, Tesla PG503-216, 0 %, 0 %, 5 MiB, 37
2026/04/16 01:05:56.496, Tesla PG503-216, 0 %, 0 %, 5 MiB, 37
2026/04/16 01:05:57.497, Tesla PG503-216, 0 %, 0 %, 5 MiB, 37
2026/04/16 01:05:58.497, Tesla PG503-216, 0 %, 0 %, 5 MiB, 37
2026/04/16 01:05:59.498, Tesla PG503-216, 0 %, 0 %, 5 MiB, 37
2026/04/16 01:06:00.498, Tesla PG503-216, 0 %, 0 %, 5 MiB, 37
2026/04/16 01:06:01.499, Tesla PG503-216, 0 %, 0 %, 5 MiB, 37
2026/04/16 01:06:02.500, Tesla PG503-216, 0 %, 0 %, 5 MiB, 37
2026/04/16 01:06:03.500, Tesla PG503-216, 0 %, 0 %, 5 MiB, 37
2026/04/16 01:06:04.501, Tesla PG503-216, 0 %, 0 %, 5 MiB, 37
2026/04/16 01:06:05.501, Tesla PG503-216, 0 %, 0 %, 5 MiB, 37
2026/04/16 01:06:06.502, Tesla PG503-216, 0 %, 0 %, 5 MiB, 37
2026/04/16 01:06:07.502, Tesla PG503-216, 0 %, 0 %, 5 MiB, 37
2026/04/16 01:06:08.502, Tesla PG503-216, 0 %, 0 %, 5 MiB, 37
2026/04/16 01:06:09.503, Tesla PG503-216, 0 %, 0 %, 5 MiB, 37
2026/04/16 01:06:10.503, Tesla PG503-216, 0 %, 0 %, 5 MiB, 37
2026/04/16 01:06:11.504, Tesla PG503-216, 0 %, 0 %, 5 MiB, 37
2026/04/16 01:06:12.504, Tesla PG503-216, 0 %, 0 %, 5 MiB, 37
2026/04/16 01:06:13.505, Tesla PG503-216, 0 %, 0 %, 5 MiB, 37
2026/04/16 01:06:14.505, Tesla PG503-216, 0 %, 0 %, 5 MiB, 37
2026/04/16 01:06:15.506, Tesla PG503-216, 0 %, 0 %, 5 MiB, 37
2026/04/16 01:06:16.506, Tesla PG503-216, 0 %, 0 %, 5 MiB, 37
2026/04/16 01:06:17.507, Tesla PG503-216, 0 %, 0 %, 5 MiB, 37
2026/04/16 01:06:18.507, Tesla PG503-216, 0 %, 0 %, 5 MiB, 36
2026/04/16 01:06:19.508, Tesla PG503-216, 0 %, 0 %, 5 MiB, 36
2026/04/16 01:06:20.508, Tesla PG503-216, 0 %, 0 %, 5 MiB, 37
2026/04/16 01:06:21.509, Tesla PG503-216, 0 %, 0 %, 5 MiB, 36
2026/04/16 01:06:22.509, Tesla PG503-216, 0 %, 0 %, 5 MiB, 37
2026/04/16 01:06:23.509, Tesla PG503-216, 0 %, 0 %, 5 MiB, 36
2026/04/16 01:06:24.510, Tesla PG503-216, 0 %, 0 %, 5 MiB, 36
2026/04/16 01:06:25.510, Tesla PG503-216, 0 %, 0 %, 5 MiB, 37
2026/04/16 01:06:26.511, Tesla PG503-216, 0 %, 0 %, 5 MiB, 36
2026/04/16 01:06:27.511, Tesla PG503-216, 0 %, 0 %, 5 MiB, 36
2026/04/16 01:06:28.521, Tesla PG503-216, 0 %, 0 %, 5 MiB, 36
2026/04/16 01:06:29.521, Tesla PG503-216, 0 %, 0 %, 5 MiB, 36
2026/04/16 01:06:30.522, Tesla PG503-216, 0 %, 0 %, 5 MiB, 36
2026/04/16 01:06:31.522, Tesla PG503-216, 0 %, 0 %, 5 MiB, 36
2026/04/16 01:06:32.523, Tesla PG503-216, 0 %, 0 %, 5 MiB, 36
2026/04/16 01:06:33.523, Tesla PG503-216, 0 %, 0 %, 5 MiB, 36
2026/04/16 01:06:34.524, Tesla PG503-216, 0 %, 0 %, 5 MiB, 36
2026/04/16 01:06:35.524, Tesla PG503-216, 0 %, 0 %, 5 MiB, 36
2026/04/16 01:06:36.524, Tesla PG503-216, 0 %, 0 %, 5 MiB, 36
2026/04/16 01:06:37.525, Tesla PG503-216, 0 %, 0 %, 5 MiB, 36
2026/04/16 01:06:38.525, Tesla PG503-216, 0 %, 0 %, 5 MiB, 36
2026/04/16 01:06:39.526, Tesla PG503-216, 0 %, 0 %, 5 MiB, 36
2026/04/16 01:06:40.526, Tesla PG503-216, 0 %, 0 %, 5 MiB, 36
2026/04/16 01:06:41.527, Tesla PG503-216, 0 %, 0 %, 5 MiB, 36
2026/04/16 01:06:42.527, Tesla PG503-216, 0 %, 0 %, 5 MiB, 36
2026/04/16 01:06:43.528, Tesla PG503-216, 0 %, 0 %, 5 MiB, 36
2026/04/16 01:06:44.528, Tesla PG503-216, 0 %, 0 %, 5 MiB, 36
2026/04/16 01:06:45.529, Tesla PG503-216, 0 %, 0 %, 5 MiB, 36
2026/04/16 01:06:46.529, Tesla PG503-216, 0 %, 0 %, 5 MiB, 36
2026/04/16 01:06:47.530, Tesla PG503-216, 0 %, 0 %, 5 MiB, 36
2026/04/16 01:06:48.530, Tesla PG503-216, 0 %, 0 %, 5 MiB, 36
2026/04/16 01:06:49.531, Tesla PG503-216, 0 %, 0 %, 5 MiB, 36
2026/04/16 01:06:50.531, Tesla PG503-216, 0 %, 0 %, 5 MiB, 36
2026/04/16 01:06:51.532, Tesla PG503-216, 0 %, 0 %, 5 MiB, 36
2026/04/16 01:06:52.532, Tesla PG503-216, 0 %, 0 %, 5 MiB, 36
2026/04/16 01:06:53.533, Tesla PG503-216, 0 %, 0 %, 5 MiB, 36
2026/04/16 01:06:54.533, Tesla PG503-216, 0 %, 0 %, 5 MiB, 36
2026/04/16 01:06:55.534, Tesla PG503-216, 0 %, 0 %, 5 MiB, 36
2026/04/16 01:06:56.534, Tesla PG503-216, 0 %, 0 %, 5 MiB, 36
2026/04/16 01:06:57.534, Tesla PG503-216, 0 %, 0 %, 5 MiB, 36
2026/04/16 01:06:58.535, Tesla PG503-216, 0 %, 0 %, 5 MiB, 36
2026/04/16 01:06:59.535, Tesla PG503-216, 0 %, 0 %, 5 MiB, 36
2026/04/16 01:07:00.536, Tesla PG503-216, 0 %, 0 %, 5 MiB, 36
2026/04/16 01:07:01.536, Tesla PG503-216, 0 %, 0 %, 5 MiB, 36
2026/04/16 01:07:02.537, Tesla PG503-216, 0 %, 0 %, 5 MiB, 36
2026/04/16 01:07:03.537, Tesla PG503-216, 0 %, 0 %, 5 MiB, 36
2026/04/16 01:07:04.538, Tesla PG503-216, 0 %, 0 %, 5 MiB, 36
2026/04/16 01:07:05.538, Tesla PG503-216, 0 %, 0 %, 5 MiB, 36
2026/04/16 01:07:06.539, Tesla PG503-216, 0 %, 0 %, 5 MiB, 36
2026/04/16 01:07:07.539, Tesla PG503-216, 0 %, 0 %, 5 MiB, 36
2026/04/16 01:07:08.540, Tesla PG503-216, 0 %, 0 %, 5 MiB, 36
2026/04/16 01:07:09.541, Tesla PG503-216, 0 %, 0 %, 5 MiB, 36
2026/04/16 01:07:10.541, Tesla PG503-216, 0 %, 0 %, 5 MiB, 36
2026/04/16 01:07:11.542, Tesla PG503-216, 0 %, 0 %, 5 MiB, 36
2026/04/16 01:07:12.542, Tesla PG503-216, 0 %, 0 %, 5 MiB, 36
2026/04/16 01:07:13.542, Tesla PG503-216, 0 %, 0 %, 5 MiB, 36
2026/04/16 01:07:14.543, Tesla PG503-216, 0 %, 0 %, 5 MiB, 36
2026/04/16 01:07:15.543, Tesla PG503-216, 0 %, 0 %, 5 MiB, 36
2026/04/16 01:07:16.544, Tesla PG503-216, 0 %, 0 %, 5 MiB, 36
2026/04/16 01:07:17.544, Tesla PG503-216, 0 %, 0 %, 5 MiB, 36
2026/04/16 01:07:18.545, Tesla PG503-216, 0 %, 0 %, 5 MiB, 36
2026/04/16 01:07:19.545, Tesla PG503-216, 0 %, 0 %, 5 MiB, 36
2026/04/16 01:07:20.546, Tesla PG503-216, 0 %, 0 %, 5 MiB, 36
2026/04/16 01:07:21.546, Tesla PG503-216, 0 %, 0 %, 5 MiB, 36
2026/04/16 01:07:22.547, Tesla PG503-216, 0 %, 0 %, 5 MiB, 36
2026/04/16 01:07:23.547, Tesla PG503-216, 0 %, 0 %, 5 MiB, 36
2026/04/16 01:07:24.548, Tesla PG503-216, 0 %, 0 %, 5 MiB, 36
2026/04/16 01:07:25.548, Tesla PG503-216, 0 %, 0 %, 5 MiB, 36
2026/04/16 01:07:26.549, Tesla PG503-216, 0 %, 0 %, 5 MiB, 36
2026/04/16 01:07:27.549, Tesla PG503-216, 0 %, 0 %, 5 MiB, 36
2026/04/16 01:07:28.550, Tesla PG503-216, 0 %, 0 %, 5 MiB, 36
2026/04/16 01:07:29.550, Tesla PG503-216, 0 %, 0 %, 5 MiB, 36
2026/04/16 01:07:30.550, Tesla PG503-216, 0 %, 0 %, 5 MiB, 36
2026/04/16 01:07:31.551, Tesla PG503-216, 0 %, 0 %, 5 MiB, 36
2026/04/16 01:07:32.551, Tesla PG503-216, 0 %, 0 %, 5 MiB, 36
2026/04/16 01:07:33.552, Tesla PG503-216, 0 %, 0 %, 5 MiB, 36
2026/04/16 01:07:34.552, Tesla PG503-216, 0 %, 0 %, 5 MiB, 36
2026/04/16 01:07:35.553, Tesla PG503-216, 0 %, 0 %, 5 MiB, 36
2026/04/16 01:07:36.553, Tesla PG503-216, 0 %, 0 %, 5 MiB, 36
2026/04/16 01:07:37.554, Tesla PG503-216, 0 %, 0 %, 5 MiB, 36
2026/04/16 01:07:38.554, Tesla PG503-216, 0 %, 0 %, 5 MiB, 36
2026/04/16 01:07:39.555, Tesla PG503-216, 0 %, 0 %, 5 MiB, 36
2026/04/16 01:07:40.555, Tesla PG503-216, 0 %, 0 %, 5 MiB, 36
2026/04/16 01:07:41.555, Tesla PG503-216, 0 %, 0 %, 5 MiB, 36
2026/04/16 01:07:42.556, Tesla PG503-216, 0 %, 0 %, 5 MiB, 36
2026/04/16 01:07:43.556, Tesla PG503-216, 0 %, 0 %, 5 MiB, 36
2026/04/16 01:07:44.557, Tesla PG503-216, 0 %, 0 %, 5 MiB, 36
2026/04/16 01:07:45.557, Tesla PG503-216, 0 %, 0 %, 5 MiB, 36
2026/04/16 01:07:46.558, Tesla PG503-216, 0 %, 0 %, 5 MiB, 36
2026/04/16 01:07:47.558, Tesla PG503-216, 0 %, 0 %, 5 MiB, 36
2026/04/16 01:07:48.559, Tesla PG503-216, 0 %, 0 %, 5 MiB, 36
2026/04/16 01:07:49.559, Tesla PG503-216, 0 %, 0 %, 5 MiB, 36
2026/04/16 01:07:50.559, Tesla PG503-216, 0 %, 0 %, 5 MiB, 36
2026/04/16 01:07:51.560, Tesla PG503-216, 0 %, 0 %, 5 MiB, 36
2026/04/16 01:07:52.560, Tesla PG503-216, 0 %, 0 %, 5 MiB, 36
2026/04/16 01:07:53.561, Tesla PG503-216, 0 %, 0 %, 5 MiB, 36
2026/04/16 01:07:54.561, Tesla PG503-216, 0 %, 0 %, 5 MiB, 36
2026/04/16 01:07:55.562, Tesla PG503-216, 0 %, 0 %, 5 MiB, 36
2026/04/16 01:07:56.562, Tesla PG503-216, 0 %, 0 %, 5 MiB, 36
2026/04/16 01:07:57.563, Tesla PG503-216, 0 %, 0 %, 5 MiB, 36
2026/04/16 01:07:58.563, Tesla PG503-216, 0 %, 0 %, 5 MiB, 36
2026/04/16 01:07:59.564, Tesla PG503-216, 0 %, 0 %, 5 MiB, 36
2026/04/16 01:08:00.564, Tesla PG503-216, 0 %, 0 %, 5 MiB, 36
2026/04/16 01:08:01.565, Tesla PG503-216, 0 %, 0 %, 5 MiB, 36
2026/04/16 01:08:02.565, Tesla PG503-216, 0 %, 0 %, 5 MiB, 36
2026/04/16 01:08:03.566, Tesla PG503-216, 0 %, 0 %, 5 MiB, 36
2026/04/16 01:08:04.566, Tesla PG503-216, 0 %, 0 %, 5 MiB, 36
2026/04/16 01:08:05.567, Tesla PG503-216, 0 %, 0 %, 5 MiB, 36
2026/04/16 01:08:06.567, Tesla PG503-216, 0 %, 0 %, 5 MiB, 36
2026/04/16 01:08:07.568, Tesla PG503-216, 0 %, 0 %, 5 MiB, 36
2026/04/16 01:08:08.568, Tesla PG503-216, 0 %, 0 %, 5 MiB, 36
2026/04/16 01:08:09.568, Tesla PG503-216, 0 %, 0 %, 5 MiB, 36
2026/04/16 01:08:10.569, Tesla PG503-216, 0 %, 0 %, 5 MiB, 36
2026/04/16 01:08:11.569, Tesla PG503-216, 0 %, 0 %, 5 MiB, 36
2026/04/16 01:08:12.570, Tesla PG503-216, 0 %, 0 %, 5 MiB, 36
2026/04/16 01:08:13.570, Tesla PG503-216, 0 %, 0 %, 5 MiB, 36
2026/04/16 01:08:14.571, Tesla PG503-216, 0 %, 0 %, 5 MiB, 36
2026/04/16 01:08:15.571, Tesla PG503-216, 0 %, 0 %, 5 MiB, 36
2026/04/16 01:08:16.572, Tesla PG503-216, 0 %, 0 %, 5 MiB, 36
2026/04/16 01:08:17.572, Tesla PG503-216, 0 %, 0 %, 5 MiB, 36
2026/04/16 01:08:18.573, Tesla PG503-216, 0 %, 0 %, 5 MiB, 36
2026/04/16 01:08:19.573, Tesla PG503-216, 0 %, 0 %, 5 MiB, 36
2026/04/16 01:08:20.573, Tesla PG503-216, 0 %, 0 %, 5 MiB, 36
2026/04/16 01:08:21.574, Tesla PG503-216, 0 %, 0 %, 5 MiB, 36
2026/04/16 01:08:22.574, Tesla PG503-216, 0 %, 0 %, 5 MiB, 36
2026/04/16 01:08:23.575, Tesla PG503-216, 0 %, 0 %, 5 MiB, 36
2026/04/16 01:08:24.575, Tesla PG503-216, 0 %, 0 %, 5 MiB, 36
2026/04/16 01:08:25.576, Tesla PG503-216, 0 %, 0 %, 5 MiB, 36
2026/04/16 01:08:26.576, Tesla PG503-216, 0 %, 0 %, 5 MiB, 36
2026/04/16 01:08:27.577, Tesla PG503-216, 0 %, 0 %, 5 MiB, 36
2026/04/16 01:08:28.577, Tesla PG503-216, 0 %, 0 %, 5 MiB, 36
2026/04/16 01:08:29.578, Tesla PG503-216, 0 %, 0 %, 5 MiB, 36
2026/04/16 01:08:30.578, Tesla PG503-216, 0 %, 0 %, 5 MiB, 36
2026/04/16 01:08:31.579, Tesla PG503-216, 0 %, 0 %, 5 MiB, 36
2026/04/16 01:08:32.579, Tesla PG503-216, 0 %, 0 %, 5 MiB, 36
2026/04/16 01:08:33.580, Tesla PG503-216, 0 %, 0 %, 5 MiB, 36
2026/04/16 01:08:34.581, Tesla PG503-216, 0 %, 0 %, 5 MiB, 36
2026/04/16 01:08:35.581, Tesla PG503-216, 0 %, 0 %, 5 MiB, 36
2026/04/16 01:08:36.582, Tesla PG503-216, 0 %, 0 %, 5 MiB, 36
2026/04/16 01:08:37.583, Tesla PG503-216, 0 %, 0 %, 5 MiB, 36
2026/04/16 01:08:38.583, Tesla PG503-216, 0 %, 0 %, 5 MiB, 36
2026/04/16 01:08:39.583, Tesla PG503-216, 0 %, 0 %, 5 MiB, 36
2026/04/16 01:08:40.584, Tesla PG503-216, 0 %, 0 %, 5 MiB, 36
2026/04/16 01:08:41.585, Tesla PG503-216, 0 %, 0 %, 5 MiB, 36
2026/04/16 01:08:42.585, Tesla PG503-216, 0 %, 0 %, 5 MiB, 36
2026/04/16 01:08:43.586, Tesla PG503-216, 0 %, 0 %, 5 MiB, 36
2026/04/16 01:08:44.586, Tesla PG503-216, 0 %, 0 %, 5 MiB, 36
2026/04/16 01:08:45.587, Tesla PG503-216, 0 %, 0 %, 5 MiB, 36
2026/04/16 01:08:46.588, Tesla PG503-216, 0 %, 0 %, 5 MiB, 36
2026/04/16 01:08:47.588, Tesla PG503-216, 0 %, 0 %, 5 MiB, 36
2026/04/16 01:08:48.588, Tesla PG503-216, 0 %, 0 %, 5 MiB, 36
2026/04/16 01:08:49.589, Tesla PG503-216, 0 %, 0 %, 5 MiB, 36
2026/04/16 01:08:50.590, Tesla PG503-216, 0 %, 0 %, 5 MiB, 36
2026/04/16 01:08:51.590, Tesla PG503-216, 0 %, 0 %, 5 MiB, 36
2026/04/16 01:08:52.591, Tesla PG503-216, 0 %, 0 %, 5 MiB, 36
2026/04/16 01:08:53.591, Tesla PG503-216, 0 %, 0 %, 5 MiB, 36
2026/04/16 01:08:54.592, Tesla PG503-216, 0 %, 0 %, 5 MiB, 36
2026/04/16 01:08:55.592, Tesla PG503-216, 0 %, 0 %, 5 MiB, 36
2026/04/16 01:08:56.593, Tesla PG503-216, 0 %, 0 %, 5 MiB, 36
2026/04/16 01:08:57.593, Tesla PG503-216, 0 %, 0 %, 5 MiB, 36
2026/04/16 01:08:58.594, Tesla PG503-216, 0 %, 0 %, 5 MiB, 36
2026/04/16 01:08:59.594, Tesla PG503-216, 0 %, 0 %, 5 MiB, 36
2026/04/16 01:09:00.595, Tesla PG503-216, 0 %, 0 %, 5 MiB, 36
2026/04/16 01:09:01.596, Tesla PG503-216, 0 %, 0 %, 5 MiB, 36
2026/04/16 01:09:02.596, Tesla PG503-216, 0 %, 0 %, 5 MiB, 36
2026/04/16 01:09:03.597, Tesla PG503-216, 0 %, 0 %, 5 MiB, 36
2026/04/16 01:09:04.597, Tesla PG503-216, 0 %, 0 %, 5 MiB, 36
2026/04/16 01:09:05.598, Tesla PG503-216, 0 %, 0 %, 5 MiB, 36
2026/04/16 01:09:06.599, Tesla PG503-216, 0 %, 0 %, 5 MiB, 36
2026/04/16 01:09:07.599, Tesla PG503-216, 0 %, 0 %, 5 MiB, 36
2026/04/16 01:09:08.600, Tesla PG503-216, 0 %, 0 %, 5 MiB, 36
2026/04/16 01:09:09.600, Tesla PG503-216, 0 %, 0 %, 5 MiB, 36
2026/04/16 01:09:10.601, Tesla PG503-216, 0 %, 0 %, 5 MiB, 36
2026/04/16 01:09:11.601, Tesla PG503-216, 0 %, 0 %, 5 MiB, 36
2026/04/16 01:09:12.602, Tesla PG503-216, 0 %, 0 %, 5 MiB, 36
2026/04/16 01:09:13.603, Tesla PG503-216, 0 %, 0 %, 5 MiB, 36
2026/04/16 01:09:14.603, Tesla PG503-216, 0 %, 0 %, 5 MiB, 36
2026/04/16 01:09:15.604, Tesla PG503-216, 0 %, 0 %, 5 MiB, 36
2026/04/16 01:09:16.604, Tesla PG503-216, 0 %, 0 %, 5 MiB, 36
2026/04/16 01:09:17.605, Tesla PG503-216, 0 %, 0 %, 5 MiB, 36
2026/04/16 01:09:18.605, Tesla PG503-216, 0 %, 0 %, 5 MiB, 36
2026/04/16 01:09:19.606, Tesla PG503-216, 0 %, 0 %, 5 MiB, 36
2026/04/16 01:09:20.606, Tesla PG503-216, 0 %, 0 %, 5 MiB, 36
2026/04/16 01:09:21.607, Tesla PG503-216, 0 %, 0 %, 5 MiB, 36
2026/04/16 01:09:22.607, Tesla PG503-216, 0 %, 0 %, 5 MiB, 36
2026/04/16 01:09:23.607, Tesla PG503-216, 0 %, 0 %, 5 MiB, 36
2026/04/16 01:09:24.608, Tesla PG503-216, 0 %, 0 %, 5 MiB, 36
2026/04/16 01:09:25.608, Tesla PG503-216, 0 %, 0 %, 5 MiB, 36
2026/04/16 01:09:26.609, Tesla PG503-216, 0 %, 0 %, 5 MiB, 36
2026/04/16 01:09:27.609, Tesla PG503-216, 0 %, 0 %, 5 MiB, 36
2026/04/16 01:09:28.610, Tesla PG503-216, 0 %, 0 %, 5 MiB, 36
2026/04/16 01:09:29.610, Tesla PG503-216, 0 %, 0 %, 5 MiB, 36
2026/04/16 01:09:30.610, Tesla PG503-216, 0 %, 0 %, 5 MiB, 36
2026/04/16 01:09:31.611, Tesla PG503-216, 0 %, 0 %, 5 MiB, 36
2026/04/16 01:09:32.611, Tesla PG503-216, 0 %, 0 %, 5 MiB, 36
2026/04/16 01:09:33.612, Tesla PG503-216, 0 %, 0 %, 5 MiB, 36
2026/04/16 01:09:34.612, Tesla PG503-216, 0 %, 0 %, 5 MiB, 36
2026/04/16 01:09:35.613, Tesla PG503-216, 0 %, 0 %, 5 MiB, 36
2026/04/16 01:09:36.613, Tesla PG503-216, 0 %, 0 %, 5 MiB, 36
2026/04/16 01:09:37.614, Tesla PG503-216, 0 %, 0 %, 5 MiB, 36
2026/04/16 01:09:38.614, Tesla PG503-216, 0 %, 0 %, 5 MiB, 36
2026/04/16 01:09:39.614, Tesla PG503-216, 0 %, 0 %, 5 MiB, 36
2026/04/16 01:09:40.615, Tesla PG503-216, 0 %, 0 %, 5 MiB, 36
2026/04/16 01:09:41.615, Tesla PG503-216, 0 %, 0 %, 5 MiB, 36
2026/04/16 01:09:42.616, Tesla PG503-216, 0 %, 0 %, 5 MiB, 36
2026/04/16 01:09:43.616, Tesla PG503-216, 0 %, 0 %, 5 MiB, 36
2026/04/16 01:09:44.617, Tesla PG503-216, 0 %, 0 %, 5 MiB, 36
2026/04/16 01:09:45.617, Tesla PG503-216, 0 %, 0 %, 5 MiB, 36
2026/04/16 01:09:46.618, Tesla PG503-216, 0 %, 0 %, 5 MiB, 36
2026/04/16 01:09:47.618, Tesla PG503-216, 0 %, 0 %, 5 MiB, 36
2026/04/16 01:09:48.619, Tesla PG503-216, 0 %, 0 %, 5 MiB, 36
2026/04/16 01:09:49.619, Tesla PG503-216, 0 %, 0 %, 5 MiB, 36
2026/04/16 01:09:50.620, Tesla PG503-216, 0 %, 0 %, 5 MiB, 36
2026/04/16 01:09:51.620, Tesla PG503-216, 0 %, 0 %, 5 MiB, 36
2026/04/16 01:09:52.621, Tesla PG503-216, 0 %, 0 %, 5 MiB, 36
2026/04/16 01:09:53.622, Tesla PG503-216, 0 %, 0 %, 5 MiB, 36
2026/04/16 01:09:54.622, Tesla PG503-216, 0 %, 0 %, 5 MiB, 36
2026/04/16 01:09:55.623, Tesla PG503-216, 0 %, 0 %, 5 MiB, 36
2026/04/16 01:09:56.623, Tesla PG503-216, 0 %, 0 %, 5 MiB, 36
2026/04/16 01:09:57.636, Tesla PG503-216, 0 %, 0 %, 5 MiB, 36
2026/04/16 01:09:58.636, Tesla PG503-216, 0 %, 0 %, 5 MiB, 36
2026/04/16 01:09:59.637, Tesla PG503-216, 0 %, 0 %, 5 MiB, 36
2026/04/16 01:10:00.637, Tesla PG503-216, 0 %, 0 %, 5 MiB, 36
2026/04/16 01:10:01.638, Tesla PG503-216, 0 %, 0 %, 5 MiB, 36
2026/04/16 01:10:02.638, Tesla PG503-216, 0 %, 0 %, 5 MiB, 36
2026/04/16 01:10:03.639, Tesla PG503-216, 0 %, 0 %, 5 MiB, 36
2026/04/16 01:10:04.641, Tesla PG503-216, 0 %, 0 %, 5 MiB, 36
2026/04/16 01:10:05.642, Tesla PG503-216, 0 %, 0 %, 5 MiB, 36
2026/04/16 01:10:06.642, Tesla PG503-216, 0 %, 0 %, 5 MiB, 36
2026/04/16 01:10:07.642, Tesla PG503-216, 0 %, 0 %, 5 MiB, 36
2026/04/16 01:10:08.643, Tesla PG503-216, 0 %, 0 %, 5 MiB, 36
2026/04/16 01:10:09.643, Tesla PG503-216, 0 %, 0 %, 5 MiB, 36
2026/04/16 01:10:10.644, Tesla PG503-216, 0 %, 0 %, 5 MiB, 36
2026/04/16 01:10:11.644, Tesla PG503-216, 0 %, 0 %, 5 MiB, 36
2026/04/16 01:10:12.645, Tesla PG503-216, 0 %, 0 %, 5 MiB, 36
2026/04/16 01:10:13.645, Tesla PG503-216, 0 %, 0 %, 5 MiB, 36
2026/04/16 01:10:14.646, Tesla PG503-216, 0 %, 0 %, 5 MiB, 36
2026/04/16 01:10:15.646, Tesla PG503-216, 0 %, 0 %, 5 MiB, 36
2026/04/16 01:10:16.646, Tesla PG503-216, 0 %, 0 %, 5 MiB, 36
2026/04/16 01:10:17.647, Tesla PG503-216, 0 %, 0 %, 5 MiB, 36
2026/04/16 01:10:18.647, Tesla PG503-216, 0 %, 0 %, 5 MiB, 36
2026/04/16 01:10:19.648, Tesla PG503-216, 0 %, 0 %, 5 MiB, 36
2026/04/16 01:10:20.648, Tesla PG503-216, 0 %, 0 %, 5 MiB, 36
2026/04/16 01:10:21.648, Tesla PG503-216, 0 %, 0 %, 5 MiB, 36
2026/04/16 01:10:22.649, Tesla PG503-216, 0 %, 0 %, 5 MiB, 36
2026/04/16 01:10:23.649, Tesla PG503-216, 0 %, 0 %, 5 MiB, 36
2026/04/16 01:10:24.650, Tesla PG503-216, 0 %, 0 %, 5 MiB, 36
2026/04/16 01:10:25.650, Tesla PG503-216, 0 %, 0 %, 5 MiB, 36
2026/04/16 01:10:26.651, Tesla PG503-216, 0 %, 0 %, 5 MiB, 36
2026/04/16 01:10:27.651, Tesla PG503-216, 0 %, 0 %, 5 MiB, 36
2026/04/16 01:10:28.652, Tesla PG503-216, 0 %, 0 %, 5 MiB, 36
2026/04/16 01:10:29.652, Tesla PG503-216, 0 %, 0 %, 5 MiB, 36
2026/04/16 01:10:30.653, Tesla PG503-216, 0 %, 0 %, 5 MiB, 36
2026/04/16 01:10:31.653, Tesla PG503-216, 0 %, 0 %, 5 MiB, 36
2026/04/16 01:10:32.653, Tesla PG503-216, 0 %, 0 %, 5 MiB, 36
2026/04/16 01:10:33.654, Tesla PG503-216, 0 %, 0 %, 5 MiB, 36
2026/04/16 01:10:34.654, Tesla PG503-216, 0 %, 0 %, 5 MiB, 36
2026/04/16 01:10:35.655, Tesla PG503-216, 0 %, 0 %, 5 MiB, 36
2026/04/16 01:10:36.655, Tesla PG503-216, 0 %, 0 %, 5 MiB, 36
2026/04/16 01:10:37.656, Tesla PG503-216, 0 %, 0 %, 5 MiB, 36
2026/04/16 01:10:38.656, Tesla PG503-216, 0 %, 0 %, 5 MiB, 36
2026/04/16 01:10:39.657, Tesla PG503-216, 0 %, 0 %, 5 MiB, 36
2026/04/16 01:10:40.657, Tesla PG503-216, 0 %, 0 %, 5 MiB, 36
2026/04/16 01:10:41.658, Tesla PG503-216, 0 %, 0 %, 5 MiB, 36
2026/04/16 01:10:42.658, Tesla PG503-216, 0 %, 0 %, 5 MiB, 36
2026/04/16 01:10:43.659, Tesla PG503-216, 0 %, 0 %, 5 MiB, 36
2026/04/16 01:10:44.659, Tesla PG503-216, 0 %, 0 %, 5 MiB, 36
2026/04/16 01:10:45.660, Tesla PG503-216, 0 %, 0 %, 5 MiB, 36
2026/04/16 01:10:46.660, Tesla PG503-216, 0 %, 0 %, 5 MiB, 36
2026/04/16 01:10:47.661, Tesla PG503-216, 0 %, 0 %, 5 MiB, 36
2026/04/16 01:10:48.692, Tesla PG503-216, 0 %, 0 %, 5 MiB, 36
2026/04/16 01:10:49.693, Tesla PG503-216, 0 %, 0 %, 5 MiB, 36
2026/04/16 01:10:50.693, Tesla PG503-216, 0 %, 0 %, 5 MiB, 36
2026/04/16 01:10:51.694, Tesla PG503-216, 0 %, 0 %, 5 MiB, 36
2026/04/16 01:10:52.694, Tesla PG503-216, 0 %, 0 %, 5 MiB, 36
2026/04/16 01:10:53.695, Tesla PG503-216, 0 %, 0 %, 5 MiB, 36
2026/04/16 01:10:54.695, Tesla PG503-216, 0 %, 0 %, 5 MiB, 36
2026/04/16 01:10:55.696, Tesla PG503-216, 0 %, 0 %, 5 MiB, 36
2026/04/16 01:10:56.696, Tesla PG503-216, 0 %, 0 %, 5 MiB, 36
2026/04/16 01:10:57.697, Tesla PG503-216, 0 %, 0 %, 5 MiB, 36
2026/04/16 01:10:58.697, Tesla PG503-216, 0 %, 0 %, 5 MiB, 36
2026/04/16 01:10:59.698, Tesla PG503-216, 0 %, 0 %, 5 MiB, 36
2026/04/16 01:11:00.698, Tesla PG503-216, 0 %, 0 %, 5 MiB, 36
2026/04/16 01:11:01.698, Tesla PG503-216, 0 %, 0 %, 5 MiB, 36
2026/04/16 01:11:02.699, Tesla PG503-216, 0 %, 0 %, 5 MiB, 36
2026/04/16 01:11:03.699, Tesla PG503-216, 0 %, 0 %, 5 MiB, 36
2026/04/16 01:11:04.700, Tesla PG503-216, 0 %, 0 %, 5 MiB, 36
2026/04/16 01:11:05.700, Tesla PG503-216, 0 %, 0 %, 5 MiB, 36
2026/04/16 01:11:06.701, Tesla PG503-216, 0 %, 0 %, 5 MiB, 36
2026/04/16 01:11:07.701, Tesla PG503-216, 0 %, 0 %, 5 MiB, 36
2026/04/16 01:11:08.702, Tesla PG503-216, 0 %, 0 %, 5 MiB, 36
2026/04/16 01:11:09.702, Tesla PG503-216, 0 %, 0 %, 5 MiB, 36
2026/04/16 01:11:10.702, Tesla PG503-216, 0 %, 0 %, 5 MiB, 36
2026/04/16 01:11:11.703, Tesla PG503-216, 0 %, 0 %, 5 MiB, 36
2026/04/16 01:11:12.703, Tesla PG503-216, 0 %, 0 %, 5 MiB, 36
2026/04/16 01:11:13.704, Tesla PG503-216, 0 %, 0 %, 5 MiB, 36
2026/04/16 01:11:14.704, Tesla PG503-216, 0 %, 0 %, 5 MiB, 36
2026/04/16 01:11:15.705, Tesla PG503-216, 0 %, 0 %, 5 MiB, 36
2026/04/16 01:11:16.705, Tesla PG503-216, 0 %, 0 %, 5 MiB, 36
2026/04/16 01:11:17.706, Tesla PG503-216, 0 %, 0 %, 5 MiB, 36
2026/04/16 01:11:18.706, Tesla PG503-216, 0 %, 0 %, 5 MiB, 36
2026/04/16 01:11:19.707, Tesla PG503-216, 0 %, 0 %, 5 MiB, 36
2026/04/16 01:11:20.707, Tesla PG503-216, 0 %, 0 %, 5 MiB, 36
2026/04/16 01:11:21.707, Tesla PG503-216, 0 %, 0 %, 5 MiB, 36
2026/04/16 01:11:22.708, Tesla PG503-216, 0 %, 0 %, 5 MiB, 36
2026/04/16 01:11:23.708, Tesla PG503-216, 0 %, 0 %, 5 MiB, 36
2026/04/16 01:11:24.709, Tesla PG503-216, 0 %, 0 %, 5 MiB, 36
2026/04/16 01:11:25.709, Tesla PG503-216, 0 %, 0 %, 5 MiB, 36
2026/04/16 01:11:26.710, Tesla PG503-216, 0 %, 0 %, 5 MiB, 36
2026/04/16 01:11:27.710, Tesla PG503-216, 0 %, 0 %, 5 MiB, 36
2026/04/16 01:11:28.711, Tesla PG503-216, 0 %, 0 %, 5 MiB, 36
2026/04/16 01:11:29.711, Tesla PG503-216, 0 %, 0 %, 5 MiB, 36
2026/04/16 01:11:30.712, Tesla PG503-216, 0 %, 0 %, 5 MiB, 36
2026/04/16 01:11:31.712, Tesla PG503-216, 0 %, 0 %, 5 MiB, 36
2026/04/16 01:11:32.713, Tesla PG503-216, 0 %, 0 %, 5 MiB, 36
2026/04/16 01:11:33.713, Tesla PG503-216, 0 %, 0 %, 5 MiB, 36
2026/04/16 01:11:34.714, Tesla PG503-216, 0 %, 0 %, 5 MiB, 36
2026/04/16 01:11:35.714, Tesla PG503-216, 0 %, 0 %, 5 MiB, 36
2026/04/16 01:11:36.714, Tesla PG503-216, 0 %, 0 %, 5 MiB, 36
2026/04/16 01:11:37.715, Tesla PG503-216, 0 %, 0 %, 5 MiB, 36
2026/04/16 01:11:38.715, Tesla PG503-216, 0 %, 0 %, 5 MiB, 36
2026/04/16 01:11:39.716, Tesla PG503-216, 0 %, 0 %, 5 MiB, 36
2026/04/16 01:11:40.716, Tesla PG503-216, 0 %, 0 %, 5 MiB, 36
2026/04/16 01:11:41.717, Tesla PG503-216, 0 %, 0 %, 5 MiB, 36
2026/04/16 01:11:42.717, Tesla PG503-216, 0 %, 0 %, 5 MiB, 36
2026/04/16 01:11:43.718, Tesla PG503-216, 0 %, 0 %, 5 MiB, 36
2026/04/16 01:11:44.718, Tesla PG503-216, 0 %, 0 %, 5 MiB, 36
2026/04/16 01:11:45.719, Tesla PG503-216, 0 %, 0 %, 5 MiB, 36
2026/04/16 01:11:46.719, Tesla PG503-216, 0 %, 0 %, 5 MiB, 36
2026/04/16 01:11:47.720, Tesla PG503-216, 0 %, 0 %, 5 MiB, 36
2026/04/16 01:11:48.720, Tesla PG503-216, 0 %, 0 %, 5 MiB, 36
2026/04/16 01:11:49.720, Tesla PG503-216, 0 %, 0 %, 5 MiB, 36
2026/04/16 01:11:50.721, Tesla PG503-216, 0 %, 0 %, 5 MiB, 36
2026/04/16 01:11:51.721, Tesla PG503-216, 0 %, 0 %, 5 MiB, 36
2026/04/16 01:11:52.722, Tesla PG503-216, 0 %, 0 %, 5 MiB, 36
2026/04/16 01:11:53.722, Tesla PG503-216, 0 %, 0 %, 5 MiB, 36
2026/04/16 01:11:54.723, Tesla PG503-216, 0 %, 0 %, 5 MiB, 36
2026/04/16 01:11:55.723, Tesla PG503-216, 0 %, 0 %, 5 MiB, 36
2026/04/16 01:11:56.724, Tesla PG503-216, 0 %, 0 %, 5 MiB, 36
2026/04/16 01:11:57.724, Tesla PG503-216, 0 %, 0 %, 5 MiB, 36
2026/04/16 01:11:58.725, Tesla PG503-216, 0 %, 0 %, 5 MiB, 36
2026/04/16 01:11:59.725, Tesla PG503-216, 0 %, 0 %, 5 MiB, 36
2026/04/16 01:12:00.726, Tesla PG503-216, 0 %, 0 %, 5 MiB, 36
2026/04/16 01:12:01.726, Tesla PG503-216, 0 %, 0 %, 5 MiB, 36
2026/04/16 01:12:02.726, Tesla PG503-216, 0 %, 0 %, 5 MiB, 36
2026/04/16 01:12:03.727, Tesla PG503-216, 0 %, 0 %, 5 MiB, 36
2026/04/16 01:12:04.727, Tesla PG503-216, 0 %, 0 %, 5 MiB, 36
2026/04/16 01:12:05.728, Tesla PG503-216, 0 %, 0 %, 5 MiB, 36
2026/04/16 01:12:06.728, Tesla PG503-216, 0 %, 0 %, 5 MiB, 36
2026/04/16 01:12:07.729, Tesla PG503-216, 0 %, 0 %, 5 MiB, 36
2026/04/16 01:12:08.729, Tesla PG503-216, 0 %, 0 %, 5 MiB, 36
2026/04/16 01:12:09.730, Tesla PG503-216, 0 %, 0 %, 5 MiB, 36
2026/04/16 01:12:10.730, Tesla PG503-216, 0 %, 0 %, 5 MiB, 36
2026/04/16 01:12:11.731, Tesla PG503-216, 0 %, 0 %, 5 MiB, 36
2026/04/16 01:12:12.731, Tesla PG503-216, 0 %, 0 %, 5 MiB, 36
2026/04/16 01:12:13.732, Tesla PG503-216, 0 %, 0 %, 5 MiB, 36
2026/04/16 01:12:14.732, Tesla PG503-216, 0 %, 0 %, 5 MiB, 36
2026/04/16 01:12:15.732, Tesla PG503-216, 0 %, 0 %, 5 MiB, 36
2026/04/16 01:12:16.733, Tesla PG503-216, 0 %, 0 %, 5 MiB, 36
2026/04/16 01:12:17.733, Tesla PG503-216, 0 %, 0 %, 5 MiB, 36
2026/04/16 01:12:18.734, Tesla PG503-216, 0 %, 0 %, 5 MiB, 36
2026/04/16 01:12:19.734, Tesla PG503-216, 0 %, 0 %, 5 MiB, 36
2026/04/16 01:12:20.735, Tesla PG503-216, 0 %, 0 %, 5 MiB, 36
2026/04/16 01:12:21.735, Tesla PG503-216, 0 %, 0 %, 5 MiB, 36
2026/04/16 01:12:22.735, Tesla PG503-216, 0 %, 0 %, 5 MiB, 36
